,number,value,datetime_start,datetime_complete,duration,params_alpha,params_beta,params_gamma,params_max_bpm,params_min_bpm,params_time_window,state
0,0,0.0829070758738278,2023-04-07 19:55:47.307881,2023-04-07 19:56:41.868896,0 days 00:00:54.561015,0.09392339949828155,0.6076544376843811,0.9091268650646934,259,50,9,COMPLETE
1,1,0.0632992327365729,2023-04-07 19:56:41.869311,2023-04-07 19:57:33.091474,0 days 00:00:51.222163,0.45020614164015993,0.7731816032023623,0.11496429983286027,228,48,4,COMPLETE
2,2,0.11693662972435352,2023-04-07 19:57:33.091786,2023-04-07 19:58:27.380398,0 days 00:00:54.288612,0.3277158866390427,0.27035931690331416,0.9783694267251545,300,33,9,COMPLETE
3,3,0.17028985507246375,2023-04-07 19:58:27.380716,2023-04-07 19:59:21.593365,0 days 00:00:54.212649,0.34046111498624,0.9187809520183097,0.4281208388644203,284,30,10,COMPLETE
4,4,0.08788007956805911,2023-04-07 19:59:21.593683,2023-04-07 20:00:17.177505,0 days 00:00:55.583822,0.3562240890446494,0.8257678948850483,0.7731124195670183,221,28,6,COMPLETE
5,5,0.05370843989769821,2023-04-07 20:00:17.177816,2023-04-07 20:01:12.480433,0 days 00:00:55.302617,0.5257796750254748,0.5738683414667428,0.3544726714954848,232,38,5,COMPLETE
6,6,0.07310315430520034,2023-04-07 20:01:12.480735,2023-04-07 20:02:09.001213,0 days 00:00:56.520478,0.7863882535362408,0.6491637772060457,0.09680754787059909,221,28,5,COMPLETE
7,7,0.07324524012503553,2023-04-07 20:02:09.001619,2023-04-07 20:03:06.006103,0 days 00:00:57.004484,0.8201908626611817,0.40504027618136906,0.3245817737947223,229,26,2,COMPLETE
8,8,0.048735436203466896,2023-04-07 20:03:06.006409,2023-04-07 20:04:02.722251,0 days 00:00:56.715842,0.9420889866264429,0.45992636110925267,0.4729775933537742,203,50,3,COMPLETE
9,9,0.07317419721511793,2023-04-07 20:04:02.722580,2023-04-07 20:04:49.077157,0 days 00:00:46.354577,0.29645571639575796,0.3685087844610828,0.9068621206756036,182,12,1,COMPLETE
10,10,0.180306905370844,2023-04-07 20:04:49.077447,2023-04-07 20:05:43.418950,0 days 00:00:54.341503,0.07227976234328415,0.999800104441305,0.6484918226083463,277,16,10,COMPLETE
11,11,0.12190963341858481,2023-04-07 20:05:43.419259,2023-04-07 20:06:37.455175,0 days 00:00:54.035916,0.005554414560139054,0.9928176595328748,0.6049526553432638,279,15,10,COMPLETE
12,12,0.1803779482807616,2023-04-07 20:06:37.455477,2023-04-07 20:07:32.453349,0 days 00:00:54.997872,0.15559943361216072,0.9959703909329529,0.6340562383521333,266,19,7,COMPLETE
13,13,0.16552998010798523,2023-04-07 20:07:32.453776,2023-04-07 20:08:28.240793,0 days 00:00:55.787017,0.14290479907320938,0.9811647831853136,0.6278973277564716,265,16,7,COMPLETE
14,14,0.12219380505825521,2023-04-07 20:08:28.241098,2023-04-07 20:09:23.340781,0 days 00:00:55.099683,0.13789676070960166,0.02017234737454776,0.7127862354671055,252,21,7,COMPLETE
15,15,0.18016481955100883,2023-04-07 20:09:23.341095,2023-04-07 20:10:18.315936,0 days 00:00:54.974841,0.19720204020389764,0.8256853251785807,0.5801790546636775,277,21,8,COMPLETE
16,16,0.05846831486217676,2023-04-07 20:10:18.316239,2023-04-07 20:11:13.164223,0 days 00:00:54.847984,0.009966864763752997,0.7213325895283358,0.7565857712999491,298,20,8,COMPLETE
17,17,0.13654447286160842,2023-04-07 20:11:13.164530,2023-04-07 20:12:08.006973,0 days 00:00:54.842443,0.23925354139345545,0.9019363706257851,0.5362664096083938,247,10,7,COMPLETE
18,18,0.1606990622335891,2023-04-07 20:12:08.007260,2023-04-07 20:13:01.938689,0 days 00:00:53.931429,0.09573918669189817,0.9931396619774198,0.669912102125037,266,17,9,COMPLETE
19,19,0.13654447286160842,2023-04-07 20:13:01.939103,2023-04-07 20:13:58.118507,0 days 00:00:56.179404,0.0003687996842965391,0.866509128811476,0.8101049024143913,288,24,6,COMPLETE
20,20,0.12205171923842001,2023-04-07 20:13:58.118832,2023-04-07 20:14:51.778518,0 days 00:00:53.659686,0.23978132861880488,0.7046213042160141,0.6809517893246191,273,39,10,COMPLETE
21,21,0.14613526570048307,2023-04-07 20:14:51.778858,2023-04-07 20:15:46.578682,0 days 00:00:54.799824,0.1970598442246982,0.8058376617815753,0.5531087270861625,274,21,8,COMPLETE
22,22,0.07800511508951408,2023-04-07 20:15:46.578986,2023-04-07 20:16:41.769081,0 days 00:00:55.190095,0.17972724324738198,0.8947505498938232,0.5875307216109877,286,14,8,COMPLETE
23,23,0.11722080136402387,2023-04-07 20:16:41.769391,2023-04-07 20:17:36.702364,0 days 00:00:54.932973,0.0827007264141636,0.8089609249971724,0.46380832802821326,253,19,8,COMPLETE
24,24,0.07807615799943167,2023-04-07 20:17:36.702699,2023-04-07 20:18:31.354914,0 days 00:00:54.652215,0.19502506984626367,0.9171823863256457,0.6495384186896486,241,23,9,COMPLETE
25,25,0.18009377664109125,2023-04-07 20:18:31.355330,2023-04-07 20:19:27.824849,0 days 00:00:56.469519,0.08549425814028891,0.7397820158968331,0.8223721352278875,266,12,7,COMPLETE
26,26,0.09256891162262006,2023-04-07 20:19:27.825152,2023-04-07 20:20:21.504923,0 days 00:00:53.679771,0.25827701114105844,0.9944795975476292,0.5439826089193086,291,17,10,COMPLETE
27,27,0.17540494458653025,2023-04-07 20:20:21.505227,2023-04-07 20:21:16.934427,0 days 00:00:55.429200,0.42065393776240395,0.8551797913961116,0.7185131260068438,272,24,6,COMPLETE
28,28,0.1075589656152316,2023-04-07 20:21:16.934743,2023-04-07 20:22:11.334377,0 days 00:00:54.399634,0.16201311530748863,0.9221717379426857,0.6126502138130245,257,33,9,COMPLETE
29,29,0.17050298380221654,2023-04-07 20:22:11.334719,2023-04-07 20:23:06.205061,0 days 00:00:54.870342,0.09675255157223497,0.7927199217678739,0.8681616831626984,262,10,8,COMPLETE
30,30,0.1803779482807616,2023-04-07 20:23:06.205352,2023-04-07 20:24:02.742643,0 days 00:00:56.537291,0.2635892357774091,0.6223076981834899,0.7331733255998067,277,18,4,COMPLETE
31,31,0.1802358624609264,2023-04-07 20:24:02.743088,2023-04-07 20:24:59.776113,0 days 00:00:57.033025,0.2864535962812897,0.6385691392197782,0.7259318974561181,280,18,4,COMPLETE
32,32,0.09263995453253765,2023-04-07 20:24:59.776418,2023-04-07 20:25:56.106888,0 days 00:00:56.330470,0.29996362689629974,0.5864605959917233,0.7355454786284447,291,18,4,COMPLETE
33,33,0.11224779766979255,2023-04-07 20:25:56.107176,2023-04-07 20:26:51.948076,0 days 00:00:55.840900,0.39533475475104213,0.6691247456532483,0.8105674032072745,281,14,4,COMPLETE
34,34,0.04383347541915317,2023-04-07 20:26:51.948378,2023-04-07 20:27:48.841354,0 days 00:00:56.892976,0.5002018324311489,0.5528865438974282,0.70951483267439,296,13,3,COMPLETE
35,35,0.16077010514350668,2023-04-07 20:27:48.841670,2023-04-07 20:28:45.367115,0 days 00:00:56.525445,0.3570233076637849,0.6396227442106159,0.9182731516816826,270,19,3,COMPLETE
36,36,0.1367576015913612,2023-04-07 20:28:45.367419,2023-04-07 20:29:41.717202,0 days 00:00:56.349783,0.2747520226623629,0.7577646849526665,0.7793164195425988,281,45,5,COMPLETE
37,37,0.08312020460358056,2023-04-07 20:29:41.717649,2023-04-07 20:30:34.697119,0 days 00:00:52.979470,0.46725713293771726,0.6916148025422184,0.9898173722032043,260,30,4,COMPLETE
38,38,0.04376243250923558,2023-04-07 20:30:34.697433,2023-04-07 20:31:27.153320,0 days 00:00:52.455887,0.3323138142116979,0.7730542791058227,0.6692904119414423,242,27,5,COMPLETE
39,39,0.11210571184995738,2023-04-07 20:31:27.153631,2023-04-07 20:32:18.897740,0 days 00:00:51.744109,0.23590017910399674,0.526123999548758,0.7526019264452484,293,23,2,COMPLETE
40,40,0.0341716396703609,2023-04-07 20:32:18.898055,2023-04-07 20:33:15.427745,0 days 00:00:56.529690,0.050267253876009915,0.618070859532522,0.5121388339310868,300,16,5,COMPLETE
41,41,0.1947996589940324,2023-04-07 20:33:15.428039,2023-04-07 20:34:11.330153,0 days 00:00:55.902114,0.13351218907415596,0.8549582940505579,0.5789445017529294,277,21,6,COMPLETE
42,42,0.17547598749644785,2023-04-07 20:34:11.330450,2023-04-07 20:35:07.932409,0 days 00:00:56.601959,0.129696655526564,0.949053338740948,0.6397164585515706,284,25,4,COMPLETE
43,43,0.15082409775504405,2023-04-07 20:35:07.932853,2023-04-07 20:36:04.380881,0 days 00:00:56.448028,0.04404989910976842,0.9431782128737826,0.583781561990348,268,22,6,COMPLETE
44,44,0.16581415174765557,2023-04-07 20:36:04.381172,2023-04-07 20:36:59.382857,0 days 00:00:55.001685,0.13252757098642562,0.8524788777302046,0.6872172232261033,277,18,6,COMPLETE
45,45,0.16588519465757315,2023-04-07 20:36:59.383163,2023-04-07 20:37:51.291017,0 days 00:00:51.907854,0.21715120105407318,0.8719017549835092,0.6346417590438648,256,16,2,COMPLETE
46,46,0.05356635407786303,2023-04-07 20:37:51.291317,2023-04-07 20:38:44.399875,0 days 00:00:53.108558,0.15062175729927807,0.9536104881590354,0.4946602581797379,235,20,4,COMPLETE
47,47,0.07800511508951408,2023-04-07 20:38:44.400174,2023-04-07 20:39:35.101533,0 days 00:00:50.701359,0.18142291922476136,0.736122663801348,0.7120968251238629,199,29,3,COMPLETE
48,48,0.11217675475987497,2023-04-07 20:39:35.101843,2023-04-07 20:40:29.538583,0 days 00:00:54.436740,0.2775711546008124,0.6116301432335446,0.42526894953978456,285,13,1,COMPLETE
49,49,0.17540494458653025,2023-04-07 20:40:29.539019,2023-04-07 20:41:26.142303,0 days 00:00:56.603284,0.05724898421187211,0.9566580349681595,0.6105690498472087,277,15,5,COMPLETE
50,50,0.09278204035237285,2023-04-07 20:41:26.142667,2023-04-07 20:42:21.261651,0 days 00:00:55.118984,0.3101836784283514,0.47997104136103175,0.7809267860733287,248,26,7,COMPLETE
51,51,0.16552998010798523,2023-04-07 20:42:21.261949,2023-04-07 20:43:16.538563,0 days 00:00:55.276614,0.21193356669075236,0.8260601630678139,0.5611749029975509,275,21,7,COMPLETE
52,52,0.16077010514350668,2023-04-07 20:43:16.538859,2023-04-07 20:44:12.317464,0 days 00:00:55.778605,0.12441713086563802,0.9022755283966433,0.5870391700265238,281,18,7,COMPLETE
53,53,0.1560812730889457,2023-04-07 20:44:12.317758,2023-04-07 20:45:06.683465,0 days 00:00:54.365707,0.16816961689473164,0.832685050392738,0.6676273670278923,262,20,10,COMPLETE
54,54,0.1606990622335891,2023-04-07 20:45:06.683785,2023-04-07 20:46:01.957304,0 days 00:00:55.273519,0.253373325647003,0.6794582156248069,0.6378805336229981,288,22,8,COMPLETE
55,55,0.17540494458653025,2023-04-07 20:46:01.957745,2023-04-07 20:46:54.268294,0 days 00:00:52.310549,0.2168313105147237,0.9996703287625954,0.6865169977844174,270,15,6,COMPLETE
56,56,0.16588519465757315,2023-04-07 20:46:54.268590,2023-04-07 20:47:48.902855,0 days 00:00:54.634265,0.11449577572993413,0.8840476548655379,0.5266109608387797,278,34,9,COMPLETE
57,57,0.06820119352088662,2023-04-07 20:47:48.903150,2023-04-07 20:48:44.471302,0 days 00:00:55.568152,0.1704061529585465,0.7852513489301398,0.5894354476095054,217,11,5,COMPLETE
58,58,0.05363739698778062,2023-04-07 20:48:44.471611,2023-04-07 20:49:40.467071,0 days 00:00:55.995460,0.03295397654036161,0.7139693245167545,0.7460517167136187,295,17,6,COMPLETE
59,59,0.180306905370844,2023-04-07 20:49:40.467395,2023-04-07 20:50:35.442057,0 days 00:00:54.974662,0.08357323763088681,0.921212731423998,0.6180670101529234,266,19,7,COMPLETE
60,60,0.14592213697073034,2023-04-07 20:50:35.442365,2023-04-07 20:51:31.924468,0 days 00:00:56.482103,0.07792792478010889,0.9237712322321602,0.6531684541311793,265,19,4,COMPLETE
61,61,0.1656010230179028,2023-04-07 20:51:31.924946,2023-04-07 20:52:27.520213,0 days 00:00:55.595267,0.0957649953673688,0.9641796653298382,0.5505269688704176,273,22,7,COMPLETE
62,62,0.15586814435919294,2023-04-07 20:52:27.520517,2023-04-07 20:53:22.404811,0 days 00:00:54.884294,0.008981872911702021,0.884601019637073,0.6173493441357825,282,24,8,COMPLETE
63,63,0.12176754759874964,2023-04-07 20:53:22.405118,2023-04-07 20:54:18.246221,0 days 00:00:55.841103,0.19794967635386596,0.8462628463604327,0.5653710702461311,287,20,6,COMPLETE
64,64,0.16552998010798523,2023-04-07 20:54:18.246531,2023-04-07 20:55:08.271457,0 days 00:00:50.024926,0.13496733190430454,0.9226519882949884,0.7128517002433645,266,16,9,COMPLETE
65,65,0.136615515771526,2023-04-07 20:55:08.271760,2023-04-07 20:56:03.658098,0 days 00:00:55.386338,0.05858897079382941,0.8161870903586385,0.6922745599678992,253,14,7,COMPLETE
66,66,0.1656010230179028,2023-04-07 20:56:03.658405,2023-04-07 20:56:58.231125,0 days 00:00:54.572720,0.10368728248552889,0.9855507160743726,0.6142748929091497,270,18,8,COMPLETE
67,67,0.180306905370844,2023-04-07 20:56:58.231596,2023-04-07 20:57:55.303647,0 days 00:00:57.072051,0.15724961560587863,0.8699376383544545,0.6496864308525854,276,17,3,COMPLETE
68,68,0.07331628303495312,2023-04-07 20:57:55.303974,2023-04-07 20:58:51.640779,0 days 00:00:56.336805,0.15191551563747055,0.8754609565187753,0.7355781500003202,290,13,3,COMPLETE
69,69,0.14137539073600455,2023-04-07 20:58:51.641083,2023-04-07 20:59:48.006915,0 days 00:00:56.365832,0.07676087505649642,0.7528151184649144,0.6574461635376828,261,17,3,COMPLETE
70,70,0.17533390167661267,2023-04-07 20:59:48.007245,2023-04-07 21:00:45.335089,0 days 00:00:57.327844,0.2366550991542158,0.9718071332708257,0.7838420123328693,273,11,2,COMPLETE
71,71,0.17057402671213415,2023-04-07 21:00:45.335402,2023-04-07 21:01:39.489369,0 days 00:00:54.153967,0.16464836295717072,0.9269118615010535,0.5793441651935388,278,19,10,COMPLETE
72,72,0.1752628587666951,2023-04-07 21:01:39.489673,2023-04-07 21:02:35.011307,0 days 00:00:55.521634,0.19856552574350625,0.776648766995542,0.6321900444760165,275,21,7,COMPLETE
73,73,0.13171355498721227,2023-04-07 21:02:35.011765,2023-04-07 21:03:31.917312,0 days 00:00:56.905547,0.10028232092922694,0.9041980811549786,0.5306031172197678,283,19,5,COMPLETE
74,74,0.15075305484512647,2023-04-07 21:03:31.917620,2023-04-07 21:04:27.832334,0 days 00:00:55.914714,0.27332961644572995,0.804876304727168,0.6828412450374451,269,15,6,COMPLETE
75,75,0.1170787155441887,2023-04-07 21:04:27.832657,2023-04-07 21:05:24.256850,0 days 00:00:56.424193,0.1297163006769449,0.6565335351787553,0.6118593388715614,256,23,4,COMPLETE
76,76,0.16567206592782044,2023-04-07 21:05:24.257171,2023-04-07 21:06:19.950338,0 days 00:00:55.693167,0.03319748411980074,0.8531164328329609,0.7039048149346679,280,17,7,COMPLETE
77,77,0.09782608695652173,2023-04-07 21:06:19.950690,2023-04-07 21:07:16.590170,0 days 00:00:56.639480,0.22968219249092997,0.9380858041149385,0.6592189051173717,264,32,3,COMPLETE
78,78,0.11231884057971014,2023-04-07 21:07:16.590487,2023-04-07 21:08:11.457145,0 days 00:00:54.866658,0.17905641688459334,0.9719323441099417,0.7248645193425357,285,21,8,COMPLETE
79,79,0.08297811878374539,2023-04-07 21:08:11.457594,2023-04-07 21:09:07.057337,0 days 00:00:55.599743,0.14526837457618957,0.7067323941921586,0.5638325244824235,182,16,4,COMPLETE
80,80,0.13157146916737708,2023-04-07 21:09:07.057640,2023-04-07 21:10:01.679280,0 days 00:00:54.621640,0.2549159941306527,0.899032704682927,0.49914949982825274,276,39,8,COMPLETE
81,81,0.17547598749644785,2023-04-07 21:10:01.679588,2023-04-07 21:10:52.395005,0 days 00:00:50.715417,0.07639692000893171,0.7470360559460595,0.8417491671540199,272,12,7,COMPLETE
82,82,0.1752628587666951,2023-04-07 21:10:52.395317,2023-04-07 21:11:48.705036,0 days 00:00:56.309719,0.11048322411923533,0.8255027756510097,0.7631151995363474,268,14,6,COMPLETE
83,83,0.1410201761864166,2023-04-07 21:11:48.705397,2023-04-07 21:12:44.130638,0 days 00:00:55.425241,0.19012104854276543,0.8667128824614888,0.8022552514249688,264,18,7,COMPLETE
84,84,0.18520886615515772,2023-04-07 21:12:44.130947,2023-04-07 21:13:39.387415,0 days 00:00:55.256468,0.02674822192761881,0.7312343386966929,0.7295802626258372,279,20,5,COMPLETE
85,85,0.15110826939471442,2023-04-07 21:13:39.387875,2023-04-07 21:14:32.650253,0 days 00:00:53.262378,0.021788632772958366,0.6914572765787848,0.750844545112386,290,25,5,COMPLETE
86,86,0.17547598749644785,2023-04-07 21:14:32.650597,2023-04-07 21:15:28.850991,0 days 00:00:56.200394,0.053686695984540164,0.7952425949581554,0.6461179716468194,279,20,5,COMPLETE
87,87,0.14649048025007105,2023-04-07 21:15:28.851308,2023-04-07 21:16:25.599558,0 days 00:00:56.748250,0.06653280570610197,0.7323392184838324,0.5996999685140152,258,22,2,COMPLETE
88,88,0.14144643364592213,2023-04-07 21:16:25.599881,2023-04-07 21:17:22.813903,0 days 00:00:57.214022,0.03508940370877628,0.9406384317046848,0.6843666657506081,282,18,4,COMPLETE
89,89,0.17050298380221654,2023-04-07 21:17:22.814216,2023-04-07 21:18:19.472992,0 days 00:00:56.658776,0.11354469039979354,0.6311739346587298,0.7315132810252744,286,23,6,COMPLETE
90,90,0.18492469451548735,2023-04-07 21:18:19.473312,2023-04-07 21:19:11.332263,0 days 00:00:51.858951,0.14635165691714958,0.9960823724007859,0.6298870052026224,293,43,3,COMPLETE
91,91,0.17036089798238138,2023-04-07 21:19:11.332722,2023-04-07 21:20:08.771934,0 days 00:00:57.439212,0.1558140768778244,0.9966920596177409,0.6294192422027933,296,47,3,COMPLETE
92,92,0.09263995453253765,2023-04-07 21:20:08.772253,2023-04-07 21:21:04.907438,0 days 00:00:56.135185,0.20963640064318426,0.9667424855336759,0.6584059787511809,293,20,4,COMPLETE
93,93,0.09782608695652173,2023-04-07 21:21:04.907763,2023-04-07 21:22:01.835217,0 days 00:00:56.927454,0.08967951048556402,0.9101761048817542,0.6015291657700019,274,42,3,COMPLETE
94,94,0.14649048025007105,2023-04-07 21:22:01.835550,2023-04-07 21:22:59.796981,0 days 00:00:57.961431,0.12499675672545928,0.9389016543874031,0.6775973206235715,279,43,2,COMPLETE
95,95,0.14130434782608695,2023-04-07 21:22:59.797306,2023-04-07 21:23:52.584108,0 days 00:00:52.786802,0.18094321649392445,0.5835489107746084,0.5697857060095409,284,19,5,COMPLETE
96,96,0.17519181585677748,2023-04-07 21:23:52.584419,2023-04-07 21:24:49.397313,0 days 00:00:56.812894,0.0007385368076140431,0.8853786142919969,0.7075093704105825,299,50,3,COMPLETE
97,97,0.18023586246092638,2023-04-07 21:24:49.397777,2023-04-07 21:25:42.331068,0 days 00:00:52.933291,0.3101922032128587,0.9745113491211919,0.6319692973737895,271,16,4,COMPLETE
98,98,0.1752628587666951,2023-04-07 21:25:42.331391,2023-04-07 21:26:39.183725,0 days 00:00:56.852334,0.33978787256361076,0.9792732716906666,0.6304627563914806,271,17,4,COMPLETE
99,99,0.16084114805342428,2023-04-07 21:26:39.184037,2023-04-07 21:27:35.234142,0 days 00:00:56.050105,0.29427136693802675,0.9987067855189089,0.7005441290191148,267,16,4,COMPLETE
100,100,0.08773799374822394,2023-04-07 21:27:35.234461,2023-04-07 21:28:31.501487,0 days 00:00:56.267026,0.057776055782560495,0.9627164818439083,0.665183319749068,288,15,5,COMPLETE
101,101,0.15608127308894573,2023-04-07 21:28:31.501812,2023-04-07 21:29:20.594260,0 days 00:00:49.092448,0.15377266035981518,0.9528433777565058,0.5976375654341555,276,36,9,COMPLETE
102,102,0.16084114805342428,2023-04-07 21:29:20.594623,2023-04-07 21:30:16.589692,0 days 00:00:55.995069,0.21689451594117984,0.837591982648665,0.6443482344002719,272,21,4,COMPLETE
103,103,0.1656010230179028,2023-04-07 21:30:16.590167,2023-04-07 21:31:13.669078,0 days 00:00:57.078911,0.2527988518993417,0.9167735619378351,0.5781301357423491,276,18,4,COMPLETE
104,104,0.06351236146632566,2023-04-07 21:31:13.669380,2023-04-07 21:32:06.548740,0 days 00:00:52.879360,0.32049255838074864,0.9773345801926825,0.5464067395693604,188,17,10,COMPLETE
105,105,0.18520886615515772,2023-04-07 21:32:06.549063,2023-04-07 21:33:03.004476,0 days 00:00:56.455413,0.363850603309582,0.8590983416029241,0.614939710085175,279,20,3,COMPLETE
106,106,0.1851378232452401,2023-04-07 21:33:03.004806,2023-04-07 21:34:00.101885,0 days 00:00:57.097079,0.30124343388505465,0.8578972729629942,0.6164511593210027,280,19,2,COMPLETE
107,107,0.17533390167661267,2023-04-07 21:34:00.102209,2023-04-07 21:34:57.128874,0 days 00:00:57.026665,0.36060354623132296,0.8485688887732674,0.7218768998310526,281,19,2,COMPLETE
108,108,0.0537794828076158,2023-04-07 21:34:57.129200,2023-04-07 21:35:48.647407,0 days 00:00:51.518207,0.27979449999351286,0.8704274515503508,0.6188804251348129,222,22,3,COMPLETE
109,109,0.17050298380221654,2023-04-07 21:35:48.647875,2023-04-07 21:36:46.001314,0 days 00:00:57.353439,0.09335178456011857,0.7644618650646064,0.6939707851944972,283,20,3,COMPLETE
110,110,0.09761295822676896,2023-04-07 21:36:46.001624,2023-04-07 21:37:41.075402,0 days 00:00:55.073778,0.3905497509359052,0.8846153579087547,0.6707193808179737,293,19,1,COMPLETE
111,111,0.16077010514350668,2023-04-07 21:37:41.075728,2023-04-07 21:38:37.976355,0 days 00:00:56.900627,0.30741133898064055,0.9303161703126184,0.6451526468100649,279,16,2,COMPLETE
112,112,0.17533390167661267,2023-04-07 21:38:37.976677,2023-04-07 21:39:30.968801,0 days 00:00:52.992124,0.29235946102464716,0.8931264692087663,0.6201149716051971,274,14,2,COMPLETE
113,113,0.16567206592782044,2023-04-07 21:39:30.969127,2023-04-07 21:40:27.882112,0 days 00:00:56.912985,0.3319695795111213,0.8136424658363194,0.596150627528171,270,18,3,COMPLETE
114,114,0.11210571184995738,2023-04-07 21:40:27.882424,2023-04-07 21:41:14.379747,0 days 00:00:46.497323,0.2617656646184357,0.954391717928217,0.7396306061708724,287,17,1,COMPLETE
115,115,0.17540494458653025,2023-04-07 21:41:14.380237,2023-04-07 21:42:11.087393,0 days 00:00:56.707156,0.23321475019936008,0.9107771385773107,0.6666186914468613,262,15,4,COMPLETE
116,116,0.1752628587666951,2023-04-07 21:42:11.087727,2023-04-07 21:43:08.389924,0 days 00:00:57.302197,0.3542678538476936,0.9827542907252361,0.5826838790521992,268,20,3,COMPLETE
117,117,0.14144643364592213,2023-04-07 21:43:08.390260,2023-04-07 21:44:04.858155,0 days 00:00:56.467895,0.3145856205046405,0.8601050200202757,0.7690733993800717,277,13,5,COMPLETE
118,118,0.17547598749644785,2023-04-07 21:44:04.858489,2023-04-07 21:45:02.337065,0 days 00:00:57.478576,0.11443366232368946,0.7782680680074845,0.5525504171599447,280,21,4,COMPLETE
119,119,0.17554703040636543,2023-04-07 21:45:02.337423,2023-04-07 21:45:59.108422,0 days 00:00:56.770999,0.14464563212881476,0.6700481671720009,0.6231005589179726,284,25,3,COMPLETE
120,120,0.17043194089229896,2023-04-07 21:45:59.108748,2023-04-07 21:46:51.632461,0 days 00:00:52.523713,0.17020363721589354,0.9483178858108571,0.700781939242875,274,19,5,COMPLETE
121,121,0.17533390167661267,2023-04-07 21:46:51.632969,2023-04-07 21:47:43.017618,0 days 00:00:51.384649,0.18823869669208793,0.8386792390649043,0.5232822160472639,278,28,6,COMPLETE
122,122,0.15096618357487923,2023-04-07 21:47:43.017979,2023-04-07 21:48:38.342079,0 days 00:00:55.324100,0.20575673363083838,0.8142311724671834,0.6433992945468835,289,23,8,COMPLETE
123,123,0.1510372264847968,2023-04-07 21:48:38.342400,2023-04-07 21:49:34.079385,0 days 00:00:55.736985,0.2412263146121208,0.7964831550521145,0.5990139339001954,272,21,6,COMPLETE
124,124,0.16567206592782044,2023-04-07 21:49:34.079723,2023-04-07 21:50:31.173717,0 days 00:00:57.093994,0.27329336494245465,0.7235762360083086,0.5649428474590553,281,18,2,COMPLETE
125,125,0.15593918726911057,2023-04-07 21:50:31.174054,2023-04-07 21:51:23.922692,0 days 00:00:52.748638,0.07713000318549601,0.9305022772379574,0.6817665084300908,276,31,3,COMPLETE
126,126,0.18996874111963627,2023-04-07 21:51:23.923030,2023-04-07 21:52:19.227792,0 days 00:00:55.304762,0.1352941998579857,0.5976792654309417,0.5363010965916118,265,17,7,COMPLETE
127,127,0.13185564080704745,2023-04-07 21:52:19.228262,2023-04-07 21:53:15.169828,0 days 00:00:55.941566,0.023513360425259616,0.5623309425178886,0.5415066575281728,248,17,7,COMPLETE
128,128,0.14634839443023584,2023-04-07 21:53:15.170163,2023-04-07 21:54:11.330399,0 days 00:00:56.160236,0.12971483701572567,0.9777299258005473,0.6301924421799611,260,16,4,COMPLETE
129,129,0.16552998010798523,2023-04-07 21:54:11.330758,2023-04-07 21:55:06.840237,0 days 00:00:55.509479,0.09459827874995302,0.6416714142570356,0.6086426278259852,264,15,7,COMPLETE
130,130,0.18499573742540495,2023-04-07 21:55:06.840598,2023-04-07 21:56:00.221667,0 days 00:00:53.381069,0.043880738269192476,0.5932851992569682,0.7210305709688003,268,18,3,COMPLETE
131,131,0.17050298380221654,2023-04-07 21:56:00.221998,2023-04-07 21:56:57.173192,0 days 00:00:56.951194,0.06331109132472312,0.5998059337966128,0.7520398613810938,266,18,3,COMPLETE
132,132,0.1606990622335891,2023-04-07 21:56:57.173523,2023-04-07 21:57:54.368484,0 days 00:00:57.194961,0.044695332047758926,0.5474131269072747,0.6552103978050948,269,17,3,COMPLETE
133,133,0.16077010514350668,2023-04-07 21:57:54.368964,2023-04-07 21:58:51.261965,0 days 00:00:56.893001,0.1130724490739162,0.6194176585487915,0.7233482384530504,271,20,3,COMPLETE
134,134,0.16545893719806765,2023-04-07 21:58:51.262306,2023-04-07 21:59:47.504891,0 days 00:00:56.242585,0.13737739969775284,0.5949958909879459,0.679310066504157,264,18,4,COMPLETE
135,135,0.14158851946575732,2023-04-07 21:59:47.505245,2023-04-07 22:00:44.570780,0 days 00:00:57.065535,0.044765083139457526,0.6186972293988428,0.7136841477572772,255,19,2,COMPLETE
136,136,0.16574310883773802,2023-04-07 22:00:44.571101,2023-04-07 22:01:41.294389,0 days 00:00:56.723288,0.15810462837177583,0.6583232308951945,0.5855182042010965,267,16,5,COMPLETE
137,137,0.1605569764137539,2023-04-07 22:01:41.294754,2023-04-07 22:02:38.330918,0 days 00:00:57.036164,0.02039092711178625,0.5691602360314822,0.6455139272780268,274,17,3,COMPLETE
138,138,0.17043194089229896,2023-04-07 22:02:38.331247,2023-04-07 22:03:35.062937,0 days 00:00:56.731690,0.07153865650457907,0.9078081821096796,0.7851372321886311,283,35,4,COMPLETE
139,139,0.14606422279056552,2023-04-07 22:03:35.063450,2023-04-07 22:04:31.090862,0 days 00:00:56.027412,0.28867654679871885,0.6415947090029721,0.697594331357961,278,20,6,COMPLETE
140,140,0.15586814435919294,2023-04-07 22:04:31.091193,2023-04-07 22:05:26.043253,0 days 00:00:54.952060,0.172075896955458,0.6793250222652282,0.7403565621515533,270,19,7,COMPLETE
141,141,0.1752628587666951,2023-04-07 22:05:26.043578,2023-04-07 22:06:20.997676,0 days 00:00:54.954098,0.21757928372142565,0.9990213864254003,0.6067439360025341,275,21,8,COMPLETE
142,142,0.12176754759874964,2023-04-07 22:06:20.998005,2023-04-07 22:07:16.687272,0 days 00:00:55.689267,0.10033211356595279,0.875205851550446,0.5726484230524017,286,19,7,COMPLETE
143,143,0.13633134413185566,2023-04-07 22:07:16.687625,2023-04-07 22:08:11.381306,0 days 00:00:54.693681,0.18594350633762063,0.8364490797430008,0.6247098649108813,280,22,9,COMPLETE
144,144,0.16077010514350668,2023-04-07 22:08:11.381628,2023-04-07 22:09:07.230950,0 days 00:00:55.849322,0.136080104755138,0.963284569249428,0.6618870032714382,273,16,6,COMPLETE
145,145,0.08290707587382778,2023-04-07 22:09:07.231460,2023-04-07 22:09:58.456921,0 days 00:00:51.225461,0.2718549123328649,0.8587618840854135,0.5125503390861403,234,14,7,COMPLETE
146,146,0.16062801932367152,2023-04-07 22:09:58.457254,2023-04-07 22:10:53.237042,0 days 00:00:54.779788,0.3136650060949848,0.695206803131135,0.560511813656932,277,20,9,COMPLETE
147,147,0.15615231599886328,2023-04-07 22:10:53.237370,2023-04-07 22:11:46.687175,0 days 00:00:53.449805,0.24466932521193993,0.5304561585511629,0.5899687216054124,261,17,10,COMPLETE
148,148,0.11714975845410629,2023-04-07 22:11:46.687496,2023-04-07 22:12:42.753544,0 days 00:00:56.066048,0.08247366791548645,0.5787133662903089,0.48451715262433315,282,18,8,COMPLETE
149,149,0.1316425120772947,2023-04-07 22:12:42.753893,2023-04-07 22:13:39.684289,0 days 00:00:56.930396,0.19705446555094894,0.7571898921111999,0.6360805648164491,268,24,3,COMPLETE
150,150,0.14130434782608695,2023-04-07 22:13:39.684632,2023-04-07 22:14:36.331180,0 days 00:00:56.646548,0.15347266718418,0.8943747875607773,0.5380192867970873,291,47,2,COMPLETE
151,151,0.15579710144927536,2023-04-07 22:14:36.331650,2023-04-07 22:15:32.152957,0 days 00:00:55.821307,0.11740967225773527,0.7401276266186309,0.8367090053958898,271,13,7,COMPLETE
152,152,0.14613526570048307,2023-04-07 22:15:32.153284,2023-04-07 22:16:27.041483,0 days 00:00:54.888199,0.04518910842551223,0.7811178859485546,0.777120603399392,263,12,7,COMPLETE
153,153,0.18506678033532253,2023-04-07 22:16:27.041830,2023-04-07 22:17:22.252871,0 days 00:00:55.211041,0.08745618222149598,0.7041373784897085,0.6146799707327588,266,10,7,COMPLETE
154,154,0.13654447286160842,2023-04-07 22:17:22.253205,2023-04-07 22:18:18.270789,0 days 00:00:56.017584,0.007207530481015106,0.6589617905555769,0.6117861604255925,259,22,7,COMPLETE
155,155,0.180306905370844,2023-04-07 22:18:18.271115,2023-04-07 22:19:10.512963,0 days 00:00:52.241848,0.09129429315961746,0.7074292443820507,0.6662621979078461,266,11,6,COMPLETE
156,156,0.1898976982097187,2023-04-07 22:19:10.513294,2023-04-07 22:20:06.417001,0 days 00:00:55.903707,0.07132520649595343,0.6301183898646591,0.6701253414326708,266,10,6,COMPLETE
157,157,0.15608127308894573,2023-04-07 22:20:06.417498,2023-04-07 22:20:56.840709,0 days 00:00:50.423211,0.06588008894945985,0.6307873907512143,0.6751110117575898,250,10,6,COMPLETE
158,158,0.17036089798238138,2023-04-07 22:20:56.841072,2023-04-07 22:21:52.940788,0 days 00:00:56.099716,0.0881075177835028,0.6984846926237545,0.6904646939906545,266,12,6,COMPLETE
159,159,0.18520886615515772,2023-04-07 22:21:52.941138,2023-04-07 22:22:48.597910,0 days 00:00:55.656772,0.03254295303250106,0.5995488293188459,0.7198401115453047,258,11,6,COMPLETE
160,160,0.18520886615515772,2023-04-07 22:22:48.598242,2023-04-07 22:23:44.862950,0 days 00:00:56.264708,0.04256827509234021,0.6022312164461121,0.6548007365979747,258,11,6,COMPLETE
161,161,0.18520886615515772,2023-04-07 22:23:44.863284,2023-04-07 22:24:40.696769,0 days 00:00:55.833485,0.02970142187220347,0.6109159734811498,0.6565915484809739,258,11,6,COMPLETE
162,162,0.16581415174765557,2023-04-07 22:24:40.697109,2023-04-07 22:25:36.400909,0 days 00:00:55.703800,0.03404007249197409,0.6054981337310558,0.6507938328783078,254,12,6,COMPLETE
163,163,0.17050298380221654,2023-04-07 22:25:36.401400,2023-04-07 22:26:32.415219,0 days 00:00:56.013819,0.0007598121611947922,0.5900026524655206,0.7190410411842222,259,10,6,COMPLETE
164,164,0.1170787155441887,2023-04-07 22:26:32.415559,2023-04-07 22:27:28.055992,0 days 00:00:55.640433,0.026340670986862828,0.610777631329027,0.6484381632319096,244,11,6,COMPLETE
165,165,0.1803779482807616,2023-04-07 22:27:28.056355,2023-04-07 22:28:23.695012,0 days 00:00:55.638657,0.05619497812903732,0.5618737667950698,0.6131840329360921,257,10,6,COMPLETE
166,166,0.1803779482807616,2023-04-07 22:28:23.695364,2023-04-07 22:29:19.825045,0 days 00:00:56.129681,0.0483636762371909,0.5767867533279972,0.6162111692647595,257,10,6,COMPLETE
167,167,0.14627735152031826,2023-04-07 22:29:19.825401,2023-04-07 22:30:15.061169,0 days 00:00:55.235768,0.05764552716144664,0.569787796504566,0.5941681594258282,252,11,6,COMPLETE
168,168,0.165743108837738,2023-04-07 22:30:15.061505,2023-04-07 22:31:05.983854,0 days 00:00:50.922349,0.035630188378756755,0.5470871760026013,0.6945418293352896,255,10,6,COMPLETE
169,169,0.16581415174765557,2023-04-07 22:31:05.984359,2023-04-07 22:32:02.136694,0 days 00:00:56.152335,0.019398252050326057,0.593394046719617,0.6171432424765658,252,10,6,COMPLETE
170,170,0.17547598749644788,2023-04-07 22:32:02.137041,2023-04-07 22:32:58.123064,0 days 00:00:55.986023,0.06916288880064217,0.6259922034730468,0.6772790296366141,258,11,6,COMPLETE
171,171,0.18520886615515772,2023-04-07 22:32:58.123430,2023-04-07 22:33:53.987083,0 days 00:00:55.863653,0.0532823078707233,0.6441272210606577,0.6321952682165541,257,10,6,COMPLETE
172,172,0.15565501562944017,2023-04-07 22:33:53.987424,2023-04-07 22:34:49.797099,0 days 00:00:55.809675,0.04603012628412643,0.6520765784168567,0.631097757436858,256,10,6,COMPLETE
173,173,0.18499573742540495,2023-04-07 22:34:49.797430,2023-04-07 22:35:41.334623,0 days 00:00:51.537193,0.05105468310976426,0.6051330670229358,0.5854606067496746,261,11,6,COMPLETE
174,174,0.18499573742540495,2023-04-07 22:35:41.334996,2023-04-07 22:36:32.620824,0 days 00:00:51.285828,0.052606855715720366,0.6082269061481573,0.5804014062599254,261,11,6,COMPLETE
175,175,0.1606990622335891,2023-04-07 22:36:32.621307,2023-04-07 22:37:28.781205,0 days 00:00:56.159898,0.022231674116679593,0.6155008775176778,0.5727339221476069,260,11,6,COMPLETE
176,176,0.18996874111963627,2023-04-07 22:37:28.781582,2023-04-07 22:38:25.001473,0 days 00:00:56.219891,0.061954543948204696,0.6353494478647244,0.5519590251761916,260,12,6,COMPLETE
177,177,0.17050298380221654,2023-04-07 22:38:25.001808,2023-04-07 22:39:21.168584,0 days 00:00:56.166776,0.07458508556626897,0.6401413382776232,0.5254010692761215,264,12,5,COMPLETE
178,178,0.16574310883773802,2023-04-07 22:39:21.168929,2023-04-07 22:40:17.445408,0 days 00:00:56.276479,0.003959730847483588,0.6739471425398741,0.5512384308515592,263,12,6,COMPLETE
179,179,0.18506678033532253,2023-04-07 22:40:17.445747,2023-04-07 22:41:13.200936,0 days 00:00:55.755189,0.1042177339564733,0.6496243500816342,0.5568473447772458,261,13,6,COMPLETE
180,180,0.1851378232452401,2023-04-07 22:41:13.201281,2023-04-07 22:42:08.649403,0 days 00:00:55.448122,0.11267555727076946,0.6578802753024707,0.5804157208766957,261,13,6,COMPLETE
181,181,0.15082409775504405,2023-04-07 22:42:08.649901,2023-04-07 22:43:04.792552,0 days 00:00:56.142651,0.10529846621154212,0.6624060079227728,0.5776271369155835,259,13,6,COMPLETE
182,182,0.17036089798238138,2023-04-07 22:43:04.792883,2023-04-07 22:43:56.111734,0 days 00:00:51.318851,0.11315265689218713,0.6375207889495772,0.549425444378202,261,11,6,COMPLETE
183,183,0.16084114805342428,2023-04-07 22:43:56.112082,2023-04-07 22:44:51.434841,0 days 00:00:55.322759,0.07097652476190529,0.6773704146926557,0.5845918451897519,264,13,6,COMPLETE
184,184,0.1656010230179028,2023-04-07 22:44:51.435181,2023-04-07 22:45:47.254691,0 days 00:00:55.819510,0.035909504867290304,0.6065582884371133,0.5635963852103807,261,12,6,COMPLETE
185,185,0.1752628587666951,2023-04-07 22:45:47.255055,2023-04-07 22:46:38.763802,0 days 00:00:51.508747,0.09825065222369556,0.6226696474811084,0.5171596423102728,261,11,6,COMPLETE
186,186,0.1656010230179028,2023-04-07 22:46:38.764172,2023-04-07 22:47:34.650146,0 days 00:00:55.885974,0.05394993113995455,0.6496075810015309,0.5974393278691573,262,13,6,COMPLETE
187,187,0.14641943734015342,2023-04-07 22:47:34.650648,2023-04-07 22:48:30.483289,0 days 00:00:55.832641,0.08871603370847966,0.7213279960042583,0.5693140168005751,258,14,6,COMPLETE
188,188,0.12190963341858484,2023-04-07 22:48:30.483645,2023-04-07 22:49:25.433325,0 days 00:00:54.949680,0.12572793199580873,0.6870537566291917,0.5017844893599278,255,12,7,COMPLETE
189,189,0.16588519465757315,2023-04-07 22:49:25.433657,2023-04-07 22:50:15.221042,0 days 00:00:49.787385,0.021684942545016093,0.5966012811818991,0.5292421982977038,251,11,7,COMPLETE
190,190,0.17043194089229896,2023-04-07 22:50:15.221398,2023-04-07 22:51:11.474962,0 days 00:00:56.253564,0.0708423291485945,0.6510884480227507,0.5966341281198071,267,10,6,COMPLETE
191,191,0.17540494458653025,2023-04-07 22:51:11.475303,2023-04-07 22:52:07.679171,0 days 00:00:56.203868,0.04636112667778947,0.627993282288129,0.7370697398241637,263,11,5,COMPLETE
192,192,0.14592213697073034,2023-04-07 22:52:07.679528,2023-04-07 22:53:02.998959,0 days 00:00:55.319431,0.131364193904785,0.5869930055038098,0.5501846261916713,258,12,6,COMPLETE
193,193,0.1656010230179028,2023-04-07 22:53:02.999483,2023-04-07 22:53:55.909278,0 days 00:00:52.909795,0.43990943734508525,0.6611341817430335,0.6372514847952021,265,10,5,COMPLETE
194,194,0.1656010230179028,2023-04-07 22:53:55.909635,2023-04-07 22:54:51.806340,0 days 00:00:55.896705,0.10141174458893482,0.6022723700869396,0.7584845985264574,260,11,6,COMPLETE
195,195,0.18499573742540495,2023-04-07 22:54:51.806762,2023-04-07 22:55:46.814713,0 days 00:00:55.007951,0.07952884807546093,0.6256291036842192,0.5889477323964896,268,14,7,COMPLETE
196,196,0.17050298380221654,2023-04-07 22:55:46.815057,2023-04-07 22:56:38.636835,0 days 00:00:51.821778,0.08041312868269612,0.6831840190640105,0.5876394623999592,268,13,7,COMPLETE
197,197,0.1606990622335891,2023-04-07 22:56:38.637174,2023-04-07 22:57:34.206399,0 days 00:00:55.569225,0.05852400922648263,0.6385798589784442,0.6075314313003416,263,14,7,COMPLETE
198,198,0.1364023870417732,2023-04-07 22:57:34.206803,2023-04-07 22:58:29.579368,0 days 00:00:55.372565,0.031790312472535,0.6047801744729877,0.5674882738599082,266,13,7,COMPLETE
199,199,0.12190963341858484,2023-04-07 22:58:29.579834,2023-04-07 22:59:24.691966,0 days 00:00:55.112132,0.11744416301392294,0.7081098710083875,0.5344515950162141,255,12,7,COMPLETE
