,number,value,datetime_start,datetime_complete,duration,params_alpha,params_beta,params_c1,params_c2,params_gamma,params_max_bpm,params_min_bpm,params_time_window,params_w,state
0,0,0.024367718101733448,2023-04-11 18:11:03.869389,2023-04-11 18:12:47.322240,0 days 00:01:43.452851,0.26921539159836483,0.6370105781396629,0.7367575169876648,0.7223070047269767,0.9143188368889611,254,44,3,0.3751468150933681,COMPLETE
1,1,0.04397556123898835,2023-04-11 18:12:47.322606,2023-04-11 18:14:30.165371,0 days 00:01:42.842765,0.32737106455234166,0.5590692890581119,0.7076331428526353,0.08166032090310693,0.8754789608784791,261,32,5,0.5140389478566266,COMPLETE
2,2,0.029198635976129584,2023-04-11 18:14:30.165855,2023-04-11 18:16:11.899135,0 days 00:01:41.733280,0.3502206658440743,0.3770437594740571,0.3259121894843727,0.7623808098503139,0.8067527753497061,282,46,6,0.14668863691060796,COMPLETE
3,3,0.034313725490196074,2023-04-11 18:16:11.899460,2023-04-11 18:18:08.668414,0 days 00:01:56.768954,0.2086119000050337,0.23373282890035552,0.24911083535929224,0.3746700925643991,0.5164674486824328,226,39,5,0.9676713146177794,COMPLETE
4,4,0.07331628303495312,2023-04-11 18:18:08.668768,2023-04-11 18:19:51.705729,0 days 00:01:43.036961,0.7809528058950893,0.21978186167623914,0.641264680023481,0.8551659734863643,0.3586324015680059,230,36,1,0.6033475625608421,COMPLETE
5,5,0.04887752202330207,2023-04-11 18:19:51.706232,2023-04-11 18:21:34.583455,0 days 00:01:42.877223,0.13777117323156585,0.33821027626808176,0.2351049645189237,0.39640193300173354,0.6237016524268351,267,32,4,0.28089136429845196,COMPLETE
6,6,0.05370843989769821,2023-04-11 18:21:34.583783,2023-04-11 18:23:17.572250,0 days 00:01:42.988467,0.16006560435694683,0.7205674996682896,0.49665587584420734,0.9981425777810966,0.34946550429566337,299,43,7,0.6302598837427958,COMPLETE
7,7,0.06337027564649049,2023-04-11 18:23:17.572609,2023-04-11 18:25:17.118344,0 days 00:01:59.545735,0.003735066063253023,0.17695647756409327,0.9537946553093918,0.21575565543468822,0.6713837190487565,187,18,2,0.952864129976528,COMPLETE
8,8,0.029269678886047173,2023-04-11 18:25:17.118897,2023-04-11 18:26:57.941825,0 days 00:01:40.822928,0.20157441751473415,0.5171839031500772,0.5988222481961676,0.5624516582149209,0.40264119011131183,244,15,1,0.42353255553268987,COMPLETE
9,9,0.04887752202330207,2023-04-11 18:26:57.942174,2023-04-11 18:28:43.102892,0 days 00:01:45.160718,0.5500967572602405,0.7229873796814626,0.5102101396415953,0.6591112998961346,0.6820711488496541,260,42,4,0.7637170262084993,COMPLETE
10,10,0.048735436203466896,2023-04-11 18:28:43.103241,2023-04-11 18:30:23.640196,0 days 00:01:40.536955,0.8124452171785025,0.9943017128760171,0.14471301491632782,0.9768844684590463,0.11857650733937386,211,26,9,0.03194771468929092,COMPLETE
11,11,0.04390451832907075,2023-04-11 18:30:23.640688,2023-04-11 18:32:12.658988,0 days 00:01:49.018300,0.03278277305902683,0.006692668608289987,0.9840266977938501,0.1332811969916728,0.26045776276746047,181,10,1,0.9369253368366486,COMPLETE
12,12,0.07317419721511793,2023-04-11 18:32:12.659334,2023-04-11 18:33:56.580483,0 days 00:01:43.921149,0.9314627753101108,0.10554020800603942,0.9850752194058463,0.2414102539923909,0.528031875533626,181,22,2,0.7485141499317728,COMPLETE
13,13,0.024367718101733448,2023-04-11 18:33:56.580823,2023-04-11 18:35:40.194090,0 days 00:01:43.613267,0.9858054339824013,0.06151255468608442,0.827741623684998,0.266715374782343,0.042596334962871074,206,23,2,0.6970114162047556,COMPLETE
14,14,0.05861040068201193,2023-04-11 18:35:40.194644,2023-04-11 18:37:21.959017,0 days 00:01:41.764373,0.7656759414194519,0.1142030990025048,0.8604733906876746,0.03748986842577173,0.484675124472316,219,34,1,0.5443334067454196,COMPLETE
15,15,0.0683432793407218,2023-04-11 18:37:21.959353,2023-04-11 18:39:07.211608,0 days 00:01:45.252255,0.9926324113076627,0.2560156140058413,0.9987236016936746,0.4480616092139802,0.3019051054407852,198,24,3,0.7962474993789366,COMPLETE
16,16,0.04390451832907075,2023-04-11 18:39:07.211941,2023-04-11 18:40:47.442115,0 days 00:01:40.230174,0.7157451510275374,0.10767651682876356,0.8373448770081329,0.2842413618091829,0.2540559075140678,233,36,10,0.5970180850330079,COMPLETE
17,17,0.07310315430520035,2023-04-11 18:40:47.442654,2023-04-11 18:42:31.391465,0 days 00:01:43.948811,0.8806033979421934,0.02391786043609806,0.6720704564946345,0.5332127634029606,0.490176376206822,196,28,3,0.7035192050317767,COMPLETE
18,18,0.053495311167945446,2023-04-11 18:42:31.391801,2023-04-11 18:44:19.895014,0 days 00:01:48.503213,0.6833550180662219,0.16772201198341635,0.46400125505932033,0.838263549199332,0.1608167272308792,242,50,7,0.8238049138386465,COMPLETE
19,19,0.04390451832907077,2023-04-11 18:44:19.895370,2023-04-11 18:46:03.692176,0 days 00:01:43.796806,0.5741521542644834,0.36668455822709706,0.012115428538753026,0.0019412456029213043,0.9956930689003572,216,21,2,0.4451433183458364,COMPLETE
20,20,0.06813015061096904,2023-04-11 18:46:03.692660,2023-04-11 18:47:47.492788,0 days 00:01:43.800128,0.8854550381041226,0.28530437844306494,0.8966222212127448,0.5311620494126208,0.4287909746069541,283,29,4,0.6189984582137116,COMPLETE
21,21,0.04390451832907077,2023-04-11 18:47:47.493123,2023-04-11 18:49:31.380481,0 days 00:01:43.887358,0.8594278059767875,0.0033562930444190897,0.7245003475895009,0.5963939452805292,0.5469267966506878,195,27,3,0.717248138363398,COMPLETE
22,22,0.04404660414890594,2023-04-11 18:49:31.380821,2023-04-11 18:51:15.723367,0 days 00:01:44.342546,0.8657236738098706,0.09809882637702343,0.6403144748858347,0.4608319225118467,0.39237779058414135,194,37,2,0.8401414350879282,COMPLETE
23,23,0.04852230747371413,2023-04-11 18:51:15.723873,2023-04-11 18:52:58.274550,0 days 00:01:42.550677,0.9106806311468367,0.1899966249993374,0.804697944189344,0.6005842968549481,0.5752090008100865,203,18,1,0.6908214910746608,COMPLETE
24,24,0.06358340437624325,2023-04-11 18:52:58.274932,2023-04-11 18:54:42.326292,0 days 00:01:44.051360,0.6548277101738633,0.05582206498381744,0.6049125262690591,0.34959793993161686,0.4969599795746468,180,29,3,0.5711598876918186,COMPLETE
25,25,0.048735436203466896,2023-04-11 18:54:42.326667,2023-04-11 18:56:26.007191,0 days 00:01:43.680524,0.8252903794392471,0.15260505668489377,0.7663272293462052,0.4873101701124052,0.44679859534758076,189,20,2,0.6604840109677652,COMPLETE
26,26,0.029269678886047173,2023-04-11 18:56:26.007676,2023-04-11 18:58:09.068475,0 days 00:01:43.060799,0.93270963086908,0.017320893394579193,0.9316658694268907,0.16585637730866176,0.34310884826033783,226,13,1,0.8691515712911339,COMPLETE
27,27,0.029340721795964763,2023-04-11 18:58:09.068827,2023-04-11 18:59:54.466660,0 days 00:01:45.397833,0.789743640361039,0.11544475386435897,0.6607322828531215,0.8962593293317863,0.5905065694252841,204,26,4,0.7228778944710215,COMPLETE
28,28,0.04383347541915317,2023-04-11 18:59:54.467017,2023-04-11 19:01:39.419335,0 days 00:01:44.952318,0.7455172578683256,0.22963108137318972,0.9122912388410797,0.6855931720833319,0.4562156279339703,221,40,3,0.7362394910425694,COMPLETE
29,29,0.039073600454674624,2023-04-11 19:01:39.419825,2023-04-11 19:03:22.505301,0 days 00:01:43.085476,0.9506595864026764,0.06816990504597478,0.7678783868915775,0.7575750748426667,0.5278987311697231,187,32,2,0.47913932978010854,COMPLETE
30,30,0.05385052571753338,2023-04-11 19:03:22.505661,2023-04-11 19:05:04.940878,0 days 00:01:42.435217,0.9203712087385004,0.4340156210732679,0.8554233751105278,0.6239580917192524,0.7072754132807171,249,35,5,0.5517133858395906,COMPLETE
31,31,0.07828928672918442,2023-04-11 19:05:04.941226,2023-04-11 19:06:49.042514,0 days 00:01:44.101288,0.9877880372199046,0.27540823927517216,0.973844736462735,0.4220695272010825,0.2911792281194235,197,23,3,0.7852484523386744,COMPLETE
32,32,0.038931514634839445,2023-04-11 19:06:49.043044,2023-04-11 19:08:32.605657,0 days 00:01:43.562613,0.9962290639846846,0.29287974345360684,0.9992594497595585,0.5259758956456673,0.3788723737476141,211,23,3,0.6493624796579789,COMPLETE
33,33,0.03900255754475704,2023-04-11 19:08:32.605999,2023-04-11 19:10:17.341221,0 days 00:01:44.735222,0.8790513475060995,0.19817764679169708,0.8893932958504882,0.7169652984970201,0.30894269406064745,233,28,6,0.781573828751624,COMPLETE
34,34,0.04894856493321966,2023-04-11 19:10:17.341571,2023-04-11 19:12:03.318997,0 days 00:01:45.977426,0.8103902195602423,0.15397313671899227,0.7047951963797661,0.3399890919113132,0.46378601557435517,198,31,2,0.8832584095483005,COMPLETE
35,35,0.04880647911338448,2023-04-11 19:12:03.319494,2023-04-11 19:13:46.161529,0 days 00:01:42.842035,0.9400852284615324,0.30259722419647833,0.8928737206978399,0.44626919867362935,0.4126660377600152,191,19,4,0.7676836274038512,COMPLETE
36,36,0.07310315430520035,2023-04-11 19:13:46.161883,2023-04-11 19:15:29.444707,0 days 00:01:43.282824,0.8446141478773156,0.23811916073973263,0.7737272426393864,0.405736770921729,0.5315073948221932,180,16,3,0.6686819269659066,COMPLETE
37,37,0.029340721795964763,2023-04-11 19:15:29.445076,2023-04-11 19:17:11.712923,0 days 00:01:42.267847,0.7625916846477087,0.4041962627313156,0.9473835580935464,0.8038102984771232,0.6165291723551124,211,24,6,0.4996309968514296,COMPLETE
38,38,0.07317419721511793,2023-04-11 19:17:11.713450,2023-04-11 19:18:54.431818,0 days 00:01:42.718368,0.8993988204894394,0.2166000949541427,0.7054431437232089,0.3020112245085796,0.7498919629701123,275,21,5,0.608543186413746,COMPLETE
39,39,0.03424268258027849,2023-04-11 19:18:54.432162,2023-04-11 19:20:37.707942,0 days 00:01:43.275780,0.43094863417382523,0.3423427605616013,0.7265972512475819,0.30658739702038856,0.7632057406170536,271,22,5,0.5920249359886656,COMPLETE
40,40,0.03900255754475703,2023-04-11 19:20:37.708292,2023-04-11 19:22:17.460058,0 days 00:01:39.751766,0.9465015227775859,0.24416319912286,0.8001669457805525,0.25179433310045907,0.8415787880522057,294,15,8,0.3432842684901301,COMPLETE
41,41,0.029340721795964763,2023-04-11 19:22:17.460554,2023-04-11 19:24:00.140874,0 days 00:01:42.680320,0.8935340803379622,0.14320187844399698,0.6816440784074967,0.39858410744134287,0.769593224037769,256,25,4,0.6432516593793569,COMPLETE
42,42,0.034029553850525716,2023-04-11 19:24:00.141228,2023-04-11 19:25:42.880281,0 days 00:01:42.739053,0.8365708298711823,0.18675239091656753,0.5891910800388478,0.21719461528222045,0.6444900078942954,268,33,5,0.7182550884792567,COMPLETE
43,43,0.0341716396703609,2023-04-11 19:25:42.880617,2023-04-11 19:27:23.685086,0 days 00:01:40.804469,0.9561855391137043,0.05097910538209227,0.7203254821685758,0.330634888771218,0.5880162613042164,282,38,7,0.618063255431423,COMPLETE
44,44,0.0632992327365729,2023-04-11 19:27:23.685583,2023-04-11 19:29:34.580219,0 days 00:02:10.894636,0.9997514458979598,0.2049451141440512,0.5472740132719759,0.36353154935373416,0.4970616921618458,185,30,1,0.9985809011190891,COMPLETE
45,45,0.04887752202330207,2023-04-11 19:29:34.580566,2023-04-11 19:31:18.299193,0 days 00:01:43.718627,0.896350610763948,0.09424230456325511,0.948777586596003,0.5652061527702992,0.884406768114292,235,21,1,0.7505327923422604,COMPLETE
46,46,0.05846831486217676,2023-04-11 19:31:18.299540,2023-04-11 19:33:01.537892,0 days 00:01:43.238352,0.8121856618730614,0.2924164653240485,0.8528513777459652,0.4094211195763131,0.7051367375464123,249,45,2,0.5312088463269593,COMPLETE
47,47,0.07324524012503553,2023-04-11 19:33:01.538386,2023-04-11 19:34:45.259780,0 days 00:01:43.721394,0.8680831007494288,0.03416649131262872,0.6924995981574655,0.2815460556724776,0.3633786088406887,201,17,2,0.8042532915117857,COMPLETE
48,48,0.06827223643080421,2023-04-11 19:34:45.260126,2023-04-11 19:36:30.795744,0 days 00:01:45.535618,0.7692050745424306,0.1384280774154739,0.8207047662510345,0.3013174459122758,0.24740288037462893,200,10,2,0.8546750324719514,COMPLETE
49,49,0.0683432793407218,2023-04-11 19:36:30.796091,2023-04-11 19:38:13.292033,0 days 00:01:42.495942,0.9699069833727179,0.08475960797867862,0.9718881717466471,0.2326955326138006,0.34859142424512024,207,18,1,0.8028375006442113,COMPLETE
50,50,0.038931514634839445,2023-04-11 19:38:13.292560,2023-04-11 19:39:59.183997,0 days 00:01:45.891437,0.8427257445468254,0.20638150775247277,0.46105502134040666,0.19657890713154294,0.22039062622234898,223,13,4,0.9315021142150343,COMPLETE
51,51,0.05861040068201193,2023-04-11 19:39:59.184359,2023-04-11 19:41:42.965557,0 days 00:01:43.781198,0.9064636284163726,0.0316683218530902,0.6758952961153906,0.27932623357757996,0.42101300554657733,185,22,3,0.6803183624452663,COMPLETE
52,52,0.04404660414890594,2023-04-11 19:41:42.965904,2023-04-11 19:43:27.161052,0 days 00:01:44.195148,0.8731845107437997,0.007260590399859171,0.6482468277641958,0.1204805511341529,0.37567119497163426,194,17,2,0.8095719000957846,COMPLETE
53,53,0.0486643932935493,2023-04-11 19:43:27.161542,2023-04-11 19:45:10.667861,0 days 00:01:43.506319,0.9235807625290253,0.0773060665404214,0.7593910711940401,0.26540646573569115,0.31812156624200916,214,26,3,0.7643016192390468,COMPLETE
54,54,0.09285308326229043,2023-04-11 19:45:10.668221,2023-04-11 19:46:53.541035,0 days 00:01:42.872814,0.966210964324396,0.12303781639687755,0.6899800655631454,0.3689594321038707,0.48603603642856347,192,20,1,0.6941695784956079,COMPLETE
55,55,0.039073600454674624,2023-04-11 19:46:53.541386,2023-04-11 19:48:35.359763,0 days 00:01:41.818377,0.966399676606452,0.11834025072147808,0.8005685579847771,0.3803499798804453,0.2759016090157806,227,13,1,0.5829599009320905,COMPLETE
56,56,0.04404660414890594,2023-04-11 19:48:35.360253,2023-04-11 19:50:17.296416,0 days 00:01:41.936163,0.9621569596501308,0.15537935702657366,0.8726102086738058,0.2977794510092417,0.3864295268389904,191,20,1,0.617544333607853,COMPLETE
57,57,0.0341716396703609,2023-04-11 19:50:17.296771,2023-04-11 19:52:00.753467,0 days 00:01:43.456696,0.9958082343954603,0.26860277641034735,0.9119295959314972,0.32571425515957625,0.4521095232580305,201,19,2,0.7316122756816675,COMPLETE
58,58,0.03900255754475704,2023-04-11 19:52:00.753812,2023-04-11 19:53:42.712983,0 days 00:01:41.959171,0.8550355089246732,0.21878250042521336,0.9681011850879253,0.18849588337772638,0.5518809181740721,207,41,1,0.8081993185995209,COMPLETE
59,59,0.0341716396703609,2023-04-11 19:53:42.713495,2023-04-11 19:55:26.354720,0 days 00:01:43.641225,0.7940487653316858,0.17508437475635652,0.6163524958362516,0.25158813820219883,0.35097487911982556,238,15,2,0.6872810445256735,COMPLETE
60,60,0.06827223643080421,2023-04-11 19:55:26.355076,2023-04-11 19:57:08.408492,0 days 00:01:42.053416,0.9144856530575338,0.1256346141342829,0.6968595112301322,0.36337150943580204,0.4878224282933096,185,24,1,0.6497588060056535,COMPLETE
61,61,0.029198635976129584,2023-04-11 19:57:08.408836,2023-04-11 19:58:51.976739,0 days 00:01:43.567903,0.8747580211921686,0.04981372951939615,0.6599654321740592,0.4877828385192718,0.428731540820616,197,21,2,0.6977839151457518,COMPLETE
62,62,0.0486643932935493,2023-04-11 19:58:51.977221,2023-04-11 20:00:35.848336,0 days 00:01:43.871115,0.9301636993109708,0.031233744823646062,0.7415907887438187,0.42936418766796325,0.5162106054572181,192,28,3,0.7523992808032768,COMPLETE
63,63,0.024509803921568627,2023-04-11 20:00:35.848691,2023-04-11 20:02:19.230218,0 days 00:01:43.381527,0.7179181956683336,0.0825490986267641,0.7018116322132104,0.4613166986099603,0.4674756481415512,291,23,3,0.7041345996789347,COMPLETE
64,64,0.004830917874396135,2023-04-11 20:02:19.230583,2023-04-11 20:04:01.994482,0 days 00:01:42.763899,0.8481670964161898,0.12874752892406768,0.5688660382767652,0.38041890869097994,0.5509139390314296,275,17,4,0.7807022408997266,COMPLETE
65,65,0.05861040068201193,2023-04-11 20:04:01.995040,2023-04-11 20:05:43.195929,0 days 00:01:41.200889,0.8938266170426727,0.04035548810531347,0.6259031332191096,0.33031194278358306,0.4107509008524863,262,49,10,0.8300312345154777,COMPLETE
66,66,0.05853935777209435,2023-04-11 20:05:43.196281,2023-04-11 20:07:27.914279,0 days 00:01:44.717998,0.9679214432162366,0.17559778366505244,0.6360142718985106,0.9411707372633165,0.4841754202289713,188,25,2,0.6135760833084746,COMPLETE
67,67,0.04894856493321966,2023-04-11 20:07:27.914703,2023-04-11 20:09:11.294192,0 days 00:01:43.379489,0.8034626444981288,0.10930053089520525,0.835922762163991,0.5107407008492892,0.3219793194417368,183,27,3,0.5663757853611279,COMPLETE
68,68,0.03410059676044331,2023-04-11 20:09:11.294753,2023-04-11 20:10:54.813322,0 days 00:01:43.518569,0.9203813105765062,0.07891647697420555,0.9292058907447908,0.42296223200754485,0.6130936771388855,217,20,2,0.6609975021911113,COMPLETE
69,69,0.03410059676044331,2023-04-11 20:10:54.813672,2023-04-11 20:12:38.874902,0 days 00:01:44.061230,0.8368787698856871,0.3279894031202238,0.7845047686969949,0.6603984441762669,0.2880738836982102,204,34,1,0.7385923767765835,COMPLETE
70,70,0.053495311167945446,2023-04-11 20:12:38.875254,2023-04-11 20:14:21.624539,0 days 00:01:42.749285,0.9424846446009776,0.25396443458518386,0.7475239050166652,0.46969090964605154,0.4389577176452802,196,22,5,0.6807838032728599,COMPLETE
71,71,0.06841432225063938,2023-04-11 20:14:21.625073,2023-04-11 20:16:05.127745,0 days 00:01:43.502672,0.8729651308986873,0.23855990057357024,0.7770068194455453,0.400067492091181,0.5465330964509051,182,16,3,0.660846608143746,COMPLETE
72,72,0.048735436203466896,2023-04-11 20:16:05.128113,2023-04-11 20:17:48.431172,0 days 00:01:43.303059,0.8325419166300085,0.21716711515003187,0.7314065422826603,0.35505676014311005,0.5328404734800903,188,12,4,0.7170191590844908,COMPLETE
73,73,0.039073600454674624,2023-04-11 20:17:48.431545,2023-04-11 20:19:30.265455,0 days 00:01:41.833910,0.8982987058414262,0.0003268642239386277,0.68022030888925,0.5501677895401819,0.5817644369892937,190,16,6,0.6005211415478873,COMPLETE
74,74,0.05356635407786303,2023-04-11 20:19:30.265968,2023-04-11 20:21:14.519435,0 days 00:01:44.253467,0.9763597778320585,0.1641658104709416,0.9924700065018959,0.4337124248727564,0.6524431071297033,181,19,3,0.7941481703124118,COMPLETE
75,75,0.06813015061096904,2023-04-11 20:21:14.519782,2023-04-11 20:22:59.084080,0 days 00:01:44.564298,0.8583588972908442,0.27423711758839214,0.8187656758204254,0.3078719523988304,0.5068513555466471,194,18,2,0.7729657232460898,COMPLETE
76,76,0.04376243250923558,2023-04-11 20:22:59.084453,2023-04-11 20:24:41.868151,0 days 00:01:42.783698,0.7805784568359532,0.2384417908940421,0.8780350324493365,0.4955410842906554,0.3716572783120287,199,15,3,0.5455091374439659,COMPLETE
77,77,0.04887752202330207,2023-04-11 20:24:41.868674,2023-04-11 20:26:23.802960,0 days 00:01:41.934286,0.9426475283925275,0.05537165555608303,0.7147687387902314,0.279619877532993,0.4009004486382143,210,30,8,0.62942014051993,COMPLETE
78,78,0.03424268258027849,2023-04-11 20:26:23.803320,2023-04-11 20:28:06.743231,0 days 00:01:42.939911,0.8202328119153767,0.1924071911908507,0.7549170720161283,0.40763927324595833,0.46648312717398244,180,20,1,0.7435933607230486,COMPLETE
79,79,0.05853935777209435,2023-04-11 20:28:06.743612,2023-04-11 20:29:51.436044,0 days 00:01:44.692432,0.8963594553142468,0.10272491169318033,0.6685968346807536,0.37188900900248373,0.5229360884969684,247,25,2,0.8399741797099408,COMPLETE
80,80,0.038789428815004266,2023-04-11 20:29:51.436541,2023-04-11 20:31:34.215824,0 days 00:01:42.779283,0.999112246418183,0.14028286237634296,0.853209813242257,0.24764637902171338,0.5653610153000677,202,36,2,0.6721453948126274,COMPLETE
81,81,0.07331628303495312,2023-04-11 20:31:34.216200,2023-04-11 20:33:18.213570,0 days 00:01:43.997370,0.8574983102454492,0.2308138867915599,0.784915429108977,0.3937986892191892,0.5646017924749902,184,17,3,0.6471003560791084,COMPLETE
82,82,0.07828928672918442,2023-04-11 20:33:18.213953,2023-04-11 20:35:01.009342,0 days 00:01:42.795389,0.8673624332143042,0.2541452063145708,0.6907148296946974,0.44896477262865164,0.6089717490659577,186,17,4,0.6332986212455892,COMPLETE
83,83,0.0973287865870986,2023-04-11 20:35:01.009881,2023-04-11 20:36:44.048855,0 days 00:01:43.038974,0.9320922423493689,0.26985331148888414,0.6964514482914234,0.45109239085028585,0.5775917581453924,184,14,4,0.6332971397175913,COMPLETE
84,84,0.03914464336459222,2023-04-11 20:36:44.049221,2023-04-11 20:38:27.565097,0 days 00:01:43.515876,0.9368060657055228,0.31377144734528206,0.6975950200322247,0.4643369184004144,0.6059440919084876,184,11,4,0.6342383670337769,COMPLETE
85,85,0.04383347541915317,2023-04-11 20:38:27.565458,2023-04-11 20:40:10.259549,0 days 00:01:42.694091,0.9727516786189219,0.34894575879806095,0.7256512347470788,0.3466187755071699,0.6281250881994592,186,14,5,0.5756125626479754,COMPLETE
86,86,0.05370843989769821,2023-04-11 20:40:10.260080,2023-04-11 20:41:53.227950,0 days 00:01:42.967870,0.9153243854777251,0.26750760919661254,0.6448160089048455,0.38018454651690686,0.6737906413979698,190,17,4,0.5230657780501201,COMPLETE
87,87,0.024509803921568627,2023-04-11 20:41:53.228307,2023-04-11 20:43:36.605037,0 days 00:01:43.376730,0.8839467646193169,0.2877021184712766,0.7861608193836569,0.4452560902313648,0.5674479838931827,193,14,5,0.5914480142828339,COMPLETE
88,88,0.024438761011651034,2023-04-11 20:43:36.605393,2023-04-11 20:45:19.408499,0 days 00:01:42.803106,0.9530757195835599,0.21611761796400525,0.6188264504255796,0.4320891020096218,0.5935576563838247,277,19,4,0.64215785116247,COMPLETE
89,89,0.03886047172492185,2023-04-11 20:45:19.409041,2023-04-11 20:47:02.432623,0 days 00:01:43.023582,0.8665000494003118,0.3137558023350471,0.9607891743507359,0.3081352168192113,0.6386971047548453,187,21,5,0.7167072375981349,COMPLETE
90,90,0.05861040068201193,2023-04-11 20:47:02.433017,2023-04-11 20:48:45.719707,0 days 00:01:43.286690,0.8141945042432289,0.19056766595314428,0.5933206436577182,0.5202851982879704,0.7053256040014102,258,17,4,0.6002956569527187,COMPLETE
91,91,0.05370843989769821,2023-04-11 20:48:45.720080,2023-04-11 20:50:28.989978,0 days 00:01:43.269898,0.9073467407004927,0.16551558480729253,0.667592359286724,0.4824545752937994,0.5068195444516096,196,23,3,0.6939822127314441,COMPLETE
92,92,0.07828928672918442,2023-04-11 20:50:28.990516,2023-04-11 20:52:12.620333,0 days 00:01:43.629817,0.9262281136544966,0.021420805944227683,0.6962064576267475,0.32611737965824655,0.4370192274566348,183,21,3,0.6355024285593341,COMPLETE
93,93,0.06337027564649049,2023-04-11 20:52:12.620720,2023-04-11 20:53:56.403919,0 days 00:01:43.783199,0.9790032823744411,0.26671779628340736,0.69327846343986,0.3485689743252335,0.4179896588568891,183,22,3,0.6584066604788975,COMPLETE
94,94,0.06344131855640807,2023-04-11 20:53:56.404321,2023-04-11 20:55:35.882329,0 days 00:01:39.478008,0.920038883003049,0.06503995566229856,0.7536475233173616,0.32078616970433493,0.47104403327185773,188,18,4,0.606857756168525,COMPLETE
95,95,0.029340721795964763,2023-04-11 20:55:35.882913,2023-04-11 20:57:18.272340,0 days 00:01:42.389427,0.9507747592190677,0.23065338777730537,0.6455944877140464,0.27680139808732795,0.43775619650384245,180,16,1,0.5625926257229925,COMPLETE
96,96,0.04390451832907075,2023-04-11 20:57:18.272702,2023-04-11 20:59:01.819222,0 days 00:01:43.546520,0.8651755428467651,0.1430353383002975,0.7081903438096103,0.3812534278503772,0.5807826438721241,192,14,3,0.6331566666351742,COMPLETE
97,97,0.07317419721511793,2023-04-11 20:59:01.819610,2023-04-11 21:00:44.178953,0 days 00:01:42.359343,0.8870909910101497,0.093679915910402,0.7315204654336173,0.39783766958822764,0.36641563576687597,186,19,6,0.7034730922041603,COMPLETE
98,98,0.029269678886047173,2023-04-11 21:00:44.179490,2023-04-11 21:02:28.302474,0 days 00:01:44.122984,0.9344210417352558,0.02996542632391245,0.820510578070487,0.22693922605820155,0.44789056419144646,199,21,2,0.757276380914916,COMPLETE
99,99,0.05839727195225917,2023-04-11 21:02:28.302921,2023-04-11 21:04:12.056298,0 days 00:01:43.753377,0.9748002430125445,0.20008220558211764,0.6850468606082302,0.3416855984673479,0.48819342007737976,183,20,4,0.6770134862449237,COMPLETE
100,100,0.06365444728616083,2023-04-11 21:04:12.056670,2023-04-11 21:05:53.460426,0 days 00:01:41.403756,0.8487395282611301,0.12150070162582031,0.800882417071969,0.4206186068720019,0.39096491811813455,190,12,1,0.5514336642572306,COMPLETE
101,101,0.04404660414890594,2023-04-11 21:05:53.460977,2023-04-11 21:07:35.356229,0 days 00:01:41.895252,0.8878526166256316,0.09571747948435677,0.7426726086000173,0.3959714203872412,0.36905277077797854,186,19,6,0.7097933361880004,COMPLETE
102,102,0.03410059676044331,2023-04-11 21:07:35.356626,2023-04-11 21:09:18.284974,0 days 00:01:42.928348,0.9040187883959097,0.021535016557612096,0.7146935557333641,0.44408186698052127,0.34627655563217186,229,17,6,0.6448184024907432,COMPLETE
103,103,0.039073600454674624,2023-04-11 21:09:18.285343,2023-04-11 21:11:00.335139,0 days 00:01:42.049796,0.822004651263342,0.2477181377389466,0.7366664304080551,0.32472506173328114,0.3308597667884706,252,23,6,0.7289562985855957,COMPLETE
104,104,0.06351236146632566,2023-04-11 21:11:00.335654,2023-04-11 21:12:42.300287,0 days 00:01:41.964633,0.9306879443568231,0.17151347754281376,0.6569256584264695,0.36544549020915884,0.29951917769102676,184,18,7,0.6825433979965729,COMPLETE
105,105,0.02429667519181586,2023-04-11 21:12:42.300644,2023-04-11 21:14:25.441926,0 days 00:01:43.141282,0.9589048713061442,0.06871480310494242,0.7696510837424201,0.29099924582886844,0.5337259371716888,194,15,5,0.6205140655698297,COMPLETE
106,106,0.03886047172492185,2023-04-11 21:14:25.442313,2023-04-11 21:16:07.521871,0 days 00:01:42.079558,0.8826459950153969,0.04855999476046961,0.985878283323548,0.4603402704962897,0.41060556523097286,286,20,5,0.5812176698984067,COMPLETE
107,107,0.038931514634839445,2023-04-11 21:16:07.522407,2023-04-11 21:17:51.424398,0 days 00:01:43.901991,0.9829260537260955,0.10766789191912163,0.7211957866191256,0.4104017707769245,0.5082769689770195,300,19,2,0.7046506122580787,COMPLETE
108,108,0.05370843989769821,2023-04-11 21:17:51.424795,2023-04-11 21:19:36.204398,0 days 00:01:44.779603,0.8458161530558717,0.14980929448777733,0.6814572522666759,0.512371446732727,0.36351423674803995,189,43,3,0.7882429274714171,COMPLETE
109,109,0.04880647911338448,2023-04-11 21:19:36.204795,2023-04-11 21:21:19.270902,0 days 00:01:43.066107,0.8023443604024972,0.12376526994189542,0.6321733442840637,0.3912994465466554,0.3304748527565585,192,24,3,0.6589187072651054,COMPLETE
110,110,0.019536800227337312,2023-04-11 21:21:19.271431,2023-04-11 21:23:01.814491,0 days 00:01:42.543060,0.9117224669569669,0.08276482667372742,0.9064964638900899,0.3659833608173125,0.3879893196854401,197,21,1,0.731208428861365,COMPLETE
111,111,0.0537794828076158,2023-04-11 21:23:01.814895,2023-04-11 21:24:48.432232,0 days 00:01:46.617337,0.8831095786627451,0.004912355643377862,0.6581795523054164,0.8516304325108424,0.47462689931665714,205,22,4,0.7700448412358,COMPLETE
112,112,0.03893151463483944,2023-04-11 21:24:48.432619,2023-04-11 21:26:30.637639,0 days 00:01:42.205020,0.8670475459990309,0.022039793909133937,0.6928150617752163,0.259660583305968,0.5528774665517534,182,32,3,0.6999289721261709,COMPLETE
113,113,0.04369138959931799,2023-04-11 21:26:30.638178,2023-04-11 21:28:14.744872,0 days 00:01:44.106694,0.9301197609825317,0.041348977570588946,0.6140998305623311,0.48349272516465724,0.4332020627219737,201,26,2,0.7439450308906924,COMPLETE
114,114,0.03914464336459222,2023-04-11 21:28:14.745270,2023-04-11 21:29:59.911943,0 days 00:01:45.166673,0.8339949869774951,0.05714652864857518,0.938287214444784,0.4197716520941899,0.6063664865074311,264,24,3,0.8169613256119795,COMPLETE
115,115,0.03914464336459222,2023-04-11 21:29:59.912330,2023-04-11 21:31:43.004142,0 days 00:01:43.091812,0.9509760918711486,0.2187457740135036,0.7513068900400482,0.317315426659607,0.48967562918353197,186,28,4,0.6224625767342948,COMPLETE
116,116,0.034029553850525716,2023-04-11 21:31:43.004666,2023-04-11 21:33:24.888664,0 days 00:01:41.883998,0.7779197031750589,0.09560183053793612,0.6699443303556325,0.2904995443529289,0.5237830492094652,208,16,7,0.6764311529662236,COMPLETE
117,117,0.03424268258027849,2023-04-11 21:33:24.889053,2023-04-11 21:35:08.497828,0 days 00:01:43.608775,0.903171203201888,0.18590335722149604,0.719456091631626,0.7513285712608859,0.4480761541586783,241,39,3,0.6448497573281954,COMPLETE
118,118,0.05385052571753338,2023-04-11 21:35:08.498207,2023-04-11 21:36:50.671278,0 days 00:01:42.173071,0.7524129875749688,0.2803130112276294,0.7772513014633844,0.5837363610545265,0.660562098806854,180,18,6,0.7524815135842697,COMPLETE
119,119,0.04383347541915317,2023-04-11 21:36:50.671801,2023-04-11 21:38:34.212164,0 days 00:01:43.540363,0.9996496321279911,0.25783008569053856,0.7019294739397884,0.5395113232836336,0.6351804686667807,214,31,2,0.6074366477557341,COMPLETE
120,120,0.03424268258027849,2023-04-11 21:38:34.212535,2023-04-11 21:40:16.112818,0 days 00:01:41.900283,0.8574588748288747,0.07956000343022962,0.5954013840504283,0.33709653608826656,0.5670675923474424,188,19,1,0.7162124792877336,COMPLETE
121,121,0.0683432793407218,2023-04-11 21:40:16.113209,2023-04-11 21:41:58.548100,0 days 00:01:42.434891,0.796106991502207,0.2998030084412419,0.7348065219853066,0.3974272806074269,0.5364642982674789,185,17,3,0.66767599182614,COMPLETE
122,122,0.0486643932935493,2023-04-11 21:41:58.548665,2023-04-11 21:43:42.454267,0 days 00:01:43.905602,0.8250530484448767,0.23445095666123997,0.7704055521078244,0.4369715433614137,0.5082201705001194,182,14,3,0.6907792545923939,COMPLETE
123,123,0.039073600454674624,2023-04-11 21:43:42.454705,2023-04-11 21:45:26.080790,0 days 00:01:43.626085,0.8868574419779186,0.19829314284978694,0.7928886142122611,0.5025684150313408,0.5947695157885802,195,16,3,0.5902878107518748,COMPLETE
124,124,0.039073600454674624,2023-04-11 21:45:26.081174,2023-04-11 21:47:09.419825,0 days 00:01:43.338651,0.920961590668166,0.14950460932464446,0.8712898149632676,0.45567697809189966,0.4621275021096555,191,20,2,0.6339139397262992,COMPLETE
125,125,0.05839727195225917,2023-04-11 21:47:09.420384,2023-04-11 21:48:53.054606,0 days 00:01:43.634222,0.8515199634296973,0.21734992446277263,0.6352740354357908,0.35835613231655894,0.5604536381965517,187,15,4,0.7906429612472513,COMPLETE
126,126,0.05853935777209435,2023-04-11 21:48:53.055020,2023-04-11 21:50:37.360980,0 days 00:01:44.305960,0.9491049892191116,0.17544336637513386,0.9713822574677347,0.9953365866642286,0.4820612318093896,180,21,2,0.6532916528931195,COMPLETE
127,127,0.05825518613242398,2023-04-11 21:50:37.361374,2023-04-11 21:52:20.656592,0 days 00:01:43.295218,0.865927170499744,0.252977603307345,0.919429722218293,0.4100159023764442,0.40117824555323034,184,23,3,0.7313221711941448,COMPLETE
128,128,0.05853935777209435,2023-04-11 21:52:20.657147,2023-04-11 21:54:03.610231,0 days 00:01:42.953084,0.9033689689873065,0.3256982760924883,0.9995044020205707,0.47296539233053486,0.5329463133525063,189,22,3,0.6724134639927064,COMPLETE
129,129,0.05385052571753338,2023-04-11 21:54:03.610667,2023-04-11 21:55:46.977774,0 days 00:01:43.367107,0.9701556059324083,0.29213031457961014,0.8941533196521397,0.387909952636834,0.6191659566358788,193,13,4,0.5689154285984461,COMPLETE
130,130,0.05846831486217676,2023-04-11 21:55:46.978157,2023-04-11 21:57:29.895844,0 days 00:01:42.917687,0.8357533539671098,0.03689032546967074,0.8082781928488204,0.613704859406167,0.3086655816960564,183,18,5,0.6960424772763816,COMPLETE
131,131,0.04376243250923558,2023-04-11 21:57:29.896402,2023-04-11 21:59:13.663407,0 days 00:01:43.767005,0.8766869756615585,0.22981614936503955,0.7687623432966862,0.40039949035232053,0.5370210287476306,180,16,3,0.6635944227978198,COMPLETE
132,132,0.06337027564649049,2023-04-11 21:59:13.663801,2023-04-11 22:00:57.711781,0 days 00:01:44.047980,0.92451422747381,0.25031113013247647,0.8473541597692013,0.4270631124078681,0.5508122912875102,186,17,3,0.6211295664606679,COMPLETE
133,133,0.04859335038363172,2023-04-11 22:00:57.712145,2023-04-11 22:02:40.176088,0 days 00:01:42.463943,0.8738077630331366,0.2755985666738064,0.8253860375179171,0.3419920955934851,0.5710444548765254,182,16,3,0.6502495314479952,COMPLETE
134,134,0.04880647911338448,2023-04-11 22:02:40.176608,2023-04-11 22:04:23.654712,0 days 00:01:43.478104,0.8940898570250174,0.20393201512936315,0.7090594205442252,0.4442691120826836,0.5051893400843797,190,19,4,0.601972568421323,COMPLETE
135,135,0.024509803921568627,2023-04-11 22:04:23.655080,2023-04-11 22:06:06.627775,0 days 00:01:42.972695,0.9390920607374662,0.23136605980787203,0.7429491899012718,0.3758075458105371,0.5910797220294334,184,12,2,0.7630458023599767,COMPLETE
136,136,0.03410059676044331,2023-04-11 22:06:06.628182,2023-04-11 22:07:48.454594,0 days 00:01:41.826412,0.7825917857626807,0.3475704917885223,0.674363913158685,0.3163806856500616,0.5182566519172024,223,34,1,0.7038933576847299,COMPLETE
137,137,0.07303211139528276,2023-04-11 22:07:48.455124,2023-04-11 22:09:31.795566,0 days 00:01:43.340442,0.8489600746157739,0.3094847398686497,0.7596666594227327,0.24044623993158787,0.6844263590915067,244,47,3,0.7223935044391127,COMPLETE
138,138,0.0683432793407218,2023-04-11 22:09:31.795969,2023-04-11 22:11:13.990611,0 days 00:01:42.194642,0.8077340671605262,0.31254436947647524,0.6890028180749055,0.2642118587271991,0.7695325637303473,230,41,3,0.7171551080325506,COMPLETE
139,139,0.024438761011651034,2023-04-11 22:11:13.990996,2023-04-11 22:12:57.576509,0 days 00:01:43.585513,0.8539665074816429,0.364870257270073,0.7315167044171943,0.23498027109965391,0.6909106326742788,246,48,2,0.780770872097689,COMPLETE
140,140,0.024438761011651034,2023-04-11 22:12:57.577049,2023-04-11 22:14:39.047867,0 days 00:01:41.470818,0.9588190628892481,0.06039479988094835,0.6482297515139442,0.19711811478974572,0.27234456235787713,271,50,1,0.6870071902987628,COMPLETE
141,141,0.04376243250923558,2023-04-11 22:14:39.048257,2023-04-11 22:16:22.843352,0 days 00:01:43.795095,0.9042380503189902,0.2685915249859905,0.7596749714991995,0.28570101569102324,0.7396798715866523,196,47,3,0.6332798629224075,COMPLETE
142,142,0.05363739698778062,2023-04-11 22:16:22.843735,2023-04-11 22:18:07.591213,0 days 00:01:44.747478,0.8284737671867641,0.24530265539754048,0.7909098261156374,0.7035751006342633,0.651837072274822,187,44,3,0.7432437498760593,COMPLETE
143,143,0.06827223643080421,2023-04-11 22:18:07.591789,2023-04-11 22:19:50.804393,0 days 00:01:43.212604,0.8789157755483943,0.01638972614712425,0.7095324151925606,0.41376945427220135,0.6172116130531169,199,20,4,0.66135894269357,COMPLETE
144,144,0.053495311167945446,2023-04-11 22:19:50.804767,2023-04-11 22:21:34.164076,0 days 00:01:43.359309,0.9165175298321934,0.28456681558408015,0.9559850805977742,0.35832830981951064,0.3584050549815456,182,17,6,0.8135829773514007,COMPLETE
145,145,0.05363739698778062,2023-04-11 22:21:34.164466,2023-04-11 22:23:17.848359,0 days 00:01:43.683893,0.8445045010917562,0.0001242981103010965,0.8418827380711643,0.6447043272154929,0.3378049302085547,191,15,3,0.6820969289968346,COMPLETE
146,146,0.05385052571753338,2023-04-11 22:23:17.848892,2023-04-11 22:25:01.292856,0 days 00:01:43.443964,0.6466507924833413,0.11672192643247066,0.7854094850036548,0.2408310420552187,0.4278663487103045,203,37,2,0.7219364492544672,COMPLETE
147,147,0.03395851094060812,2023-04-11 22:25:01.293256,2023-04-11 22:26:44.617344,0 days 00:01:43.324088,0.9340616463286924,0.18201349665183836,0.7514888983126105,0.3033204071319655,0.5808337009660567,295,21,4,0.6427761899858302,COMPLETE
148,148,0.04390451832907075,2023-04-11 22:26:44.617745,2023-04-11 22:28:27.808619,0 days 00:01:43.190874,0.9854710637406232,0.20873887782260325,0.6849972879803318,0.2180506685050874,0.5498436336215884,239,18,3,0.61458199934244,COMPLETE
149,149,0.04880647911338448,2023-04-11 22:28:27.809166,2023-04-11 22:30:11.652523,0 days 00:01:43.843357,0.8689596445716249,0.2997588020662457,0.6615520698280495,0.46469865377229724,0.4579213128126711,252,25,3,0.5781702457369515,COMPLETE
150,150,0.04390451832907077,2023-04-11 22:30:11.652926,2023-04-11 22:31:55.265751,0 days 00:01:43.612825,0.8199617768013232,0.16463920266446735,0.7282515633385088,0.2705139339246689,0.38014642902979645,234,14,4,0.7611324312635627,COMPLETE
151,151,0.05385052571753338,2023-04-11 22:31:55.266138,2023-04-11 22:33:39.472526,0 days 00:01:44.206388,0.991005529993215,0.2515610631683356,0.9830523029218887,0.44956629669937576,0.3036091171662806,185,22,3,0.8217671422080207,COMPLETE
152,152,0.0683432793407218,2023-04-11 22:33:39.473090,2023-04-11 22:35:23.329611,0 days 00:01:43.856521,0.9672389717521427,0.2766462771416417,0.9695997892495238,0.3907617819240665,0.23824002450656215,194,29,3,0.796439295864742,COMPLETE
153,153,0.0588235294117647,2023-04-11 22:35:23.329999,2023-04-11 22:37:07.390814,0 days 00:01:44.060815,0.9480108662665353,0.2354742937254722,0.9447004643429233,0.49406040717180766,0.28963842045881216,197,27,3,0.7037849881817116,COMPLETE
154,154,0.08773799374822394,2023-04-11 22:37:07.391212,2023-04-11 22:38:52.364656,0 days 00:01:44.973444,0.9145196396102733,0.1307960387380178,0.6967829495713447,0.4259068224317313,0.3307747824268111,188,24,2,0.8365009328485229,COMPLETE
155,155,0.06337027564649049,2023-04-11 22:38:52.365205,2023-04-11 22:40:37.595278,0 days 00:01:45.230073,0.8887779200257349,0.13628749708566792,0.7017330031908123,0.41678020249829645,0.3230144898269446,189,23,2,0.8405296969034264,COMPLETE
156,156,0.04390451832907075,2023-04-11 22:40:37.595671,2023-04-11 22:42:24.733755,0 days 00:01:47.138084,0.9123364779197012,0.09817844493083618,0.7735801275765666,0.37518194848002195,0.35102495007722495,180,24,2,0.8826315742001727,COMPLETE
157,157,0.05363739698778062,2023-04-11 22:42:24.734145,2023-04-11 22:44:07.020625,0 days 00:01:42.286480,0.8549180632242027,0.07869215143624164,0.8138725319566726,0.5305875179488944,0.48785241147803143,187,25,1,0.6706926886490836,COMPLETE
158,158,0.06337027564649049,2023-04-11 22:44:07.021171,2023-04-11 22:45:50.875805,0 days 00:01:43.854634,0.8923662308082403,0.1578331937633406,0.7186951657118804,0.4355390498670688,0.40337637134073223,183,19,2,0.505975200406773,COMPLETE
159,159,0.07793407217959648,2023-04-11 22:45:50.876216,2023-04-11 22:47:33.319291,0 days 00:01:42.443075,0.9273393414612239,0.13193425670421385,0.6725066866301418,0.33266094597497525,0.8127740636503471,185,18,5,0.7349931672437481,COMPLETE
160,160,0.0683432793407218,2023-04-11 22:47:33.319697,2023-04-11 22:49:21.022426,0 days 00:01:47.702729,0.9320687389213459,0.10725559192281586,0.6229778457176196,0.920869860509532,0.8072968302365691,189,21,5,0.8590602451977524,COMPLETE
161,161,0.043975561238988346,2023-04-11 22:49:21.023047,2023-04-11 22:51:03.468410,0 days 00:01:42.445363,0.916770548264464,0.13635710193736264,0.6762008284036978,0.33327195637222734,0.6703661295418657,185,16,5,0.7449484734953331,COMPLETE
162,162,0.07331628303495312,2023-04-11 22:51:03.468821,2023-04-11 22:52:46.444005,0 days 00:01:42.975184,0.8711221187237955,0.04672893859817355,0.6952833433673982,0.2972653193471859,0.7297751610332398,183,18,6,0.736570182533527,COMPLETE
163,163,0.0829070758738278,2023-04-11 22:52:46.444407,2023-04-11 22:54:28.643897,0 days 00:01:42.199490,0.8955048550738807,0.04751341401026168,0.6464265585366732,0.2956912488382465,0.7202398981261516,186,18,6,0.7836781709129083,COMPLETE
164,164,0.03900255754475703,2023-04-11 22:54:28.644462,2023-04-11 22:56:11.593672,0 days 00:01:42.949210,0.8996012987654043,0.04688884701136527,0.6579160071959036,0.2985349079496543,0.7504540567590504,192,18,6,0.800250920142816,COMPLETE
165,165,0.05846831486217676,2023-04-11 22:56:11.594061,2023-04-11 22:57:54.265874,0 days 00:01:42.671813,0.9445089539023056,0.06710019549623487,0.6460880306897191,0.31983575067716674,0.7306577834138159,187,19,6,0.7681775607458067,COMPLETE
166,166,0.048735436203466896,2023-04-11 22:57:54.266258,2023-04-11 22:59:38.023515,0 days 00:01:43.757257,0.9690674235130818,0.019547044206343154,0.6890168801918841,0.801769680387835,0.7981834829170804,184,20,6,0.7365668939353972,COMPLETE
167,167,0.029269678886047173,2023-04-11 22:59:38.024053,2023-04-11 23:01:20.462575,0 days 00:01:42.438522,0.9256782295438979,0.03454424433064043,0.6036121716515104,0.2776700965588138,0.721141970901764,182,18,5,0.7802365985989762,COMPLETE
168,168,0.024367718101733448,2023-04-11 23:01:20.462973,2023-04-11 23:03:04.352056,0 days 00:01:43.889083,0.879793750038219,0.07304938613407089,0.6723916862918513,0.35445065368296746,0.7233972806490384,191,17,6,0.8416168688041602,COMPLETE
169,169,0.029340721795964763,2023-04-11 23:03:04.352452,2023-04-11 23:04:46.345598,0 days 00:01:41.993146,0.9042014685353673,0.09233383936836961,0.63006619768077,0.343088879753308,0.7029739192446,186,20,6,0.7594520011605405,COMPLETE
170,170,0.02912759306621199,2023-04-11 23:04:46.346130,2023-04-11 23:06:28.383461,0 days 00:01:42.037331,0.8667844229651508,0.12504013291637342,0.7026696127556087,0.2610473051280761,0.7534578277720005,180,22,7,0.799542609058674,COMPLETE
171,171,0.05861040068201193,2023-04-11 23:06:28.383866,2023-04-11 23:08:10.955741,0 days 00:01:42.571875,0.8328774429784291,0.05363635877013162,0.7312160039860112,0.29805532810845725,0.6878840984249021,188,17,6,0.7189953603482617,COMPLETE
172,172,0.0436203466894004,2023-04-11 23:08:10.956155,2023-04-11 23:09:53.404876,0 days 00:01:42.448721,0.8537001723952816,0.02832893726365028,0.5770134669853728,0.25386879252826305,0.7245451863518431,184,18,5,0.6973024132468499,COMPLETE
173,173,0.04390451832907077,2023-04-11 23:09:53.405455,2023-04-11 23:11:35.848720,0 days 00:01:42.443265,0.8005899695060287,0.08785750816349075,0.6971355116344605,0.3199209917780727,0.789776216413862,287,20,6,0.7268949325741073,COMPLETE
174,174,0.0829070758738278,2023-04-11 23:11:35.849131,2023-04-11 23:13:18.978429,0 days 00:01:43.129298,0.49095501153209936,0.04622058682900839,0.6583686613365306,0.21183867683917085,0.6804638282003062,195,19,5,0.7511043199986611,COMPLETE
175,175,0.06337027564649049,2023-04-11 23:13:18.978880,2023-04-11 23:15:01.382431,0 days 00:01:42.403551,0.5214072501307441,0.05461000846490362,0.6521160750042722,0.21440077312733843,0.8386725891265857,194,19,5,0.7783339800653536,COMPLETE
176,176,0.0486643932935493,2023-04-11 23:15:01.383055,2023-04-11 23:16:44.600383,0 days 00:01:43.217328,0.9583296116137796,0.03882543646906932,0.669896835026955,0.48183640746399126,0.36794807988375877,190,21,5,0.8210977142715971,COMPLETE
177,177,0.03410059676044331,2023-04-11 23:16:44.600781,2023-04-11 23:18:27.455432,0 days 00:01:42.854651,0.4718005458920038,0.10446432018544348,0.6358025323810632,0.15595175640461584,0.32202775032453257,199,19,5,0.6294031263603014,COMPLETE
178,178,0.05853935777209435,2023-04-11 23:18:27.455846,2023-04-11 23:20:10.716423,0 days 00:01:43.260577,0.9339872251562564,0.01635246499112076,0.7151038831146203,0.7325140421816932,0.7468730044169801,193,16,5,0.744181090556247,COMPLETE
179,179,0.048735436203466896,2023-04-11 23:20:10.717013,2023-04-11 23:21:53.272723,0 days 00:01:42.555710,0.901484419858482,0.07115681499786994,0.6594952042184721,0.37652642307381545,0.6414547334606395,182,15,6,0.6039064240527026,COMPLETE
180,180,0.06848536516055698,2023-04-11 23:21:53.273100,2023-04-11 23:23:36.198748,0 days 00:01:42.925648,0.36753320909855136,0.004303325291966892,0.682816348219839,0.4093643294071234,0.7091352516903281,186,18,1,0.6886006971770066,COMPLETE
181,181,0.06344131855640807,2023-04-11 23:23:36.199170,2023-04-11 23:25:19.484078,0 days 00:01:43.284908,0.8826254153135328,0.19392422051649666,0.7352373428298695,0.24400378892295232,0.6816084691621329,218,33,5,0.7532324763545439,COMPLETE
182,182,0.029198635976129584,2023-04-11 23:25:19.484620,2023-04-11 23:27:01.407586,0 days 00:01:41.922966,0.8409395662158249,0.45979719456764817,0.7524944688206125,0.27121539108029247,0.6908877271094804,201,22,6,0.7170599066783582,COMPLETE
183,183,0.06813015061096904,2023-04-11 23:27:01.408007,2023-04-11 23:28:44.097426,0 days 00:01:42.689419,0.9174733714418607,0.12128391304855327,0.7057902737172193,0.2038289421060994,0.6748911451684441,188,17,1,0.5333579436338088,COMPLETE
184,184,0.06827223643080421,2023-04-11 23:28:44.097824,2023-04-11 23:30:26.249318,0 days 00:01:42.151494,0.8602705883527069,0.21108548344645012,0.6155927768367172,0.23653352510999226,0.34386997779262674,195,19,6,0.6531919033684649,COMPLETE
185,185,0.024509803921568627,2023-04-11 23:30:26.249882,2023-04-11 23:32:09.278515,0 days 00:01:43.028633,0.8861113527002723,0.1504252825167932,0.6789576746983996,0.28877679030962783,0.6327875968990033,184,21,4,0.7767818362278195,COMPLETE
186,186,0.06308610400682012,2023-04-11 23:32:09.278958,2023-04-11 23:33:53.157622,0 days 00:01:43.878664,0.8155426521397764,0.04300747413519483,0.554916408735003,0.43138291164147025,0.5161052046815406,197,23,2,0.6751434774943857,COMPLETE
187,187,0.03900255754475704,2023-04-11 23:33:53.158027,2023-04-11 23:35:37.486005,0 days 00:01:44.327978,0.9563079896305404,0.2626564784408071,0.8906557606894006,0.6689418231293516,0.6519188721114113,180,17,2,0.7404137646648835,COMPLETE
188,188,0.0486643932935493,2023-04-11 23:35:37.486622,2023-04-11 23:37:19.973459,0 days 00:01:42.486837,0.6109726864143394,0.08435299786694167,0.7232522635501264,0.17786803574019985,0.7698226308281784,266,20,4,0.7056209391127417,COMPLETE
189,189,0.0341716396703609,2023-04-11 23:37:19.973870,2023-04-11 23:39:03.000772,0 days 00:01:43.026902,0.7258564584145704,0.3224811093398877,0.6926689179081447,0.39216656860504023,0.607093347699177,279,18,3,0.8058922471253093,COMPLETE
190,190,0.05846831486217676,2023-04-11 23:39:03.001175,2023-04-11 23:40:45.128426,0 days 00:01:42.127251,0.6835836743087235,0.3929117329095259,0.754109283768477,0.860183067540551,0.7110755909765013,191,45,7,0.7281069355794115,COMPLETE
191,191,0.05363739698778062,2023-04-11 23:40:45.128975,2023-04-11 23:42:27.302423,0 days 00:01:42.173448,0.21509530425038437,0.029805490516465208,0.6827418087091938,0.42004016284907136,0.7097683359481484,185,18,1,0.6930688420244434,COMPLETE
192,192,0.03900255754475704,2023-04-11 23:42:27.302873,2023-04-11 23:44:09.319740,0 days 00:01:42.016867,0.4468430414873523,0.0014500311214127558,0.6435430680140986,0.40126146081234265,0.6929217819650026,243,16,1,0.6824864984509494,COMPLETE
193,193,0.019536800227337312,2023-04-11 23:44:09.320147,2023-04-11 23:45:51.232525,0 days 00:01:41.912378,0.5073264664834541,0.016021380225105464,0.6673694103944446,0.3662487123757327,0.73004014833917,260,19,1,0.6462144221619853,COMPLETE
194,194,0.05370843989769821,2023-04-11 23:45:51.233102,2023-04-11 23:47:33.277538,0 days 00:01:42.044436,0.40879974254066237,0.050304194822301425,0.9240634440025975,0.45605257495830726,0.3890625819032519,187,17,1,0.6657898313813054,COMPLETE
195,195,0.03410059676044331,2023-04-11 23:47:33.277945,2023-04-11 23:49:16.291170,0 days 00:01:43.013225,0.33808449016363284,0.1771780261589649,0.7043308165402977,0.5665204096225522,0.6737305898497918,182,18,1,0.622490968618193,COMPLETE
196,196,0.07814720090934925,2023-04-11 23:49:16.291593,2023-04-11 23:51:02.100560,0 days 00:01:45.808967,0.4118082198974332,0.00035264091946923034,0.7376328215760339,0.7848479991267164,0.5659028095630367,185,20,2,0.7621760969223682,COMPLETE
197,197,0.043975561238988346,2023-04-11 23:51:02.101149,2023-04-11 23:52:47.927034,0 days 00:01:45.825885,0.9798239159617923,0.2223340839729637,0.72773707513954,0.7985775082649008,0.5670843287344739,236,21,2,0.7679476910676521,COMPLETE
198,198,0.07324524012503553,2023-04-11 23:52:47.927448,2023-04-11 23:54:32.516607,0 days 00:01:44.589159,0.54640190894551,0.07384088259775129,0.7419237840310262,0.33889053492888765,0.5429649215041041,183,20,2,0.7517855141630753,COMPLETE
199,199,0.05370843989769821,2023-04-11 23:54:32.516997,2023-04-11 23:56:15.868410,0 days 00:01:43.351413,0.5487931036433286,0.06721578075937738,0.7424373529600046,0.33321516707962856,0.5392338974173091,184,20,2,0.791413650085369,COMPLETE
