,number,value,datetime_start,datetime_complete,duration,params_alpha,params_beta,params_bpm_step,params_gamma,params_max_bpm,params_min_bpm,params_parncutt_prior_mu,params_parncutt_prior_sigma,params_smooth_bpm_window,params_smooth_time_window,state
0,0,0.13178459789712985,2023-04-07 18:28:18.638325,2023-04-07 18:28:24.228951,0 days 00:00:05.590626,0.46664474495598074,0.16774804138629462,0.2893977496312243,0.9009096450483787,292,21,238,9.059408323806103,7.525429269236601,5.654492832680772,COMPLETE
1,1,0.053779482807615804,2023-04-07 18:28:24.229285,2023-04-07 18:28:26.256105,0 days 00:00:02.026820,0.16308664893914693,0.7382226360190192,0.8370043708306532,0.2061948590012168,277,22,275,9.924134784166903,9.382470851784593,5.29706276386938,COMPLETE
2,2,0.1803779482807616,2023-04-07 18:28:26.256443,2023-04-07 18:28:28.474053,0 days 00:00:02.217610,0.8965664824237383,0.24694959084643497,0.7971565087985573,0.1755665831373039,300,26,204,2.0587415869055605,2.4298373995441933,1.8585482458848186,COMPLETE
3,3,0.30257175333901676,2023-04-07 18:28:28.474394,2023-04-07 18:28:31.903091,0 days 00:00:03.428697,0.12237316997964265,0.5481891547592399,0.46728025333275003,0.3754422977169296,274,16,174,3.1101783233356564,9.969543159056782,2.218919912585148,COMPLETE
4,4,0.47797669792554703,2023-04-07 18:28:31.903429,2023-04-07 18:28:39.868081,0 days 00:00:07.964652,0.14584114584597097,0.37098070355624746,0.18484333254903598,0.485907727989478,274,34,137,7.950802334971679,7.138216954652093,1.0446869086495296,COMPLETE
5,5,0.4000426257459506,2023-04-07 18:28:39.868421,2023-04-07 18:28:42.125070,0 days 00:00:02.256649,0.5302506215919283,0.87276657137581,0.6724421108365494,0.021786048768560162,279,48,121,2.987782113155301,9.268783429769163,6.351418476606303,COMPLETE
6,6,0.07807615799943167,2023-04-07 18:28:42.125418,2023-04-07 18:28:44.179362,0 days 00:00:02.053944,0.5604919198193526,0.5743521270505612,0.8009589158680351,0.622861213384688,283,34,210,5.897646354094477,6.837958153557574,4.555764994704384,COMPLETE
7,7,0.1851378232452401,2023-04-07 18:28:44.179717,2023-04-07 18:28:49.442769,0 days 00:00:05.263052,0.4326337359470265,0.5944281374673144,0.25916200642928156,0.16484492861250755,273,49,57,2.656702247928459,7.07153276639126,6.399904240674244,COMPLETE
8,8,0.06351236146632566,2023-04-07 18:28:49.443103,2023-04-07 18:28:52.305942,0 days 00:00:02.862839,0.026507456498114035,0.46948310917958347,0.5525400875683549,0.8446374971439925,292,34,252,9.802271826180997,1.5351434014712289,6.206531310391063,COMPLETE
9,9,0.14620630861040065,2023-04-07 18:28:52.306286,2023-04-07 18:28:56.614676,0 days 00:00:04.308390,0.34542490597434317,0.10655743011084284,0.3342916473105796,0.05286902099499502,272,17,232,4.1886232624320465,2.1071851728883475,5.642715666757203,COMPLETE
10,10,0.6097612958226769,2023-04-07 18:28:56.615029,2023-04-07 18:29:04.529605,0 days 00:00:07.914576,0.2423673788577975,0.009656569387298752,0.15934651372128544,0.5120698080683717,252,40,98,0.33372533027574214,5.032720274792981,0.6201281658856919,COMPLETE
11,11,0.5853935777209435,2023-04-07 18:29:04.529949,2023-04-07 18:29:16.251533,0 days 00:00:11.721584,0.25010288310416506,0.009436275057771781,0.10980909675199109,0.5505471530213093,255,41,107,0.2318561844741046,4.942526530000372,0.8090330857810365,COMPLETE
12,12,0.3218243819266837,2023-04-07 18:29:16.251872,2023-04-07 18:29:28.173836,0 days 00:00:11.921964,0.2945658070741526,0.03806801817321985,0.10499996278451851,0.6347983501158718,250,42,65,0.33369948811473854,4.522323957378034,0.5219649918077556,COMPLETE
13,13,0.5754475703324808,2023-04-07 18:29:28.174192,2023-04-07 18:29:40.212347,0 days 00:00:12.038155,0.31698625553278237,0.002606278281614285,0.1063834273054517,0.40788655504918503,254,41,102,0.28841868017364797,4.435680344036497,9.342762656185014,COMPLETE
14,14,0.0,2023-04-07 18:29:40.212688,2023-04-07 18:29:43.514667,0 days 00:00:03.301979,0.002158112518489408,0.24938174685856535,0.39441349968717976,0.6674646818183024,260,39,19,1.3074957945964218,3.5810519016527063,2.9822212139704165,COMPLETE
15,15,0.4536089798238136,2023-04-07 18:29:43.515032,2023-04-07 18:29:49.526323,0 days 00:00:06.011291,0.23833742659632795,0.1463869901246433,0.22321210941632924,0.5360521601504467,240,10,88,0.16295045984912532,5.353243380788875,1.0171515246881047,COMPLETE
16,16,0.21923842000568342,2023-04-07 18:29:49.526727,2023-04-07 18:29:51.131162,0 days 00:00:01.604435,0.20682489111882116,0.0009824676409037857,0.9946161566095634,0.7674870416892549,262,45,164,1.5703898710009203,0.871298007281534,3.2430443922919387,COMPLETE
17,17,0.029269678886047173,2023-04-07 18:29:51.131512,2023-04-07 18:29:57.985618,0 days 00:00:06.854106,0.387856173120691,0.312986864366824,0.18706632485633098,0.7695158678463669,249,37,13,1.3348754307762598,5.7521669097174195,0.68141030182231,COMPLETE
18,18,0.29248366013071897,2023-04-07 18:29:57.985982,2023-04-07 18:30:01.347206,0 days 00:00:03.361224,0.6147034583984375,0.10608955552146311,0.36256619791636047,0.9706824582409198,240,30,61,4.197940429156063,3.086982553591326,1.7819625948444229,COMPLETE
19,19,0.6145211707871554,2023-04-07 18:30:01.347561,2023-04-07 18:30:14.114086,0 days 00:00:12.766525,0.2688682902101313,0.21047490891314216,0.10153964572451579,0.37684867155265483,263,44,101,1.402085662716809,3.920505599937136,3.3391058509559572,COMPLETE
20,20,0.4729326513213981,2023-04-07 18:30:14.114435,2023-04-07 18:30:17.165156,0 days 00:00:03.050721,0.3777023883149164,0.2133457656378101,0.432367157395506,0.33801937382047337,264,45,143,2.0727244360248047,3.5384723280177655,4.041637960989838,COMPLETE
21,21,0.6145922136970731,2023-04-07 18:30:17.165510,2023-04-07 18:30:29.244454,0 days 00:00:12.078944,0.2570685902479736,0.09657450983720564,0.10551923049949502,0.4946529412786751,255,45,104,0.8275842282626525,4.483303210222282,2.2883313190033325,COMPLETE
22,22,0.5218812162546178,2023-04-07 18:30:29.244806,2023-04-07 18:30:35.497557,0 days 00:00:06.252751,0.2711441585184637,0.11826262238660878,0.19849269354017546,0.43332714080752804,267,50,81,1.0863929056888222,4.095338628675854,2.578798942649437,COMPLETE
23,23,0.14130434782608695,2023-04-07 18:30:35.497925,2023-04-07 18:30:39.574096,0 days 00:00:04.076171,0.11003198601226341,0.316564821102272,0.2956403127862675,0.3141821141946312,248,45,44,1.0612208118801079,5.926175482195144,1.6896258612123336,COMPLETE
24,24,0.5510798522307474,2023-04-07 18:30:39.574460,2023-04-07 18:30:47.332692,0 days 00:00:07.758232,0.088888940665969,0.0986818184110566,0.1623659075122515,0.46767313751768336,257,37,118,2.4640653447332,3.8826654547034716,3.3844160179146074,COMPLETE
25,25,0.4828786587098608,2023-04-07 18:30:47.333063,2023-04-07 18:30:51.820372,0 days 00:00:04.487309,0.20970790609936507,0.17186649541759036,0.25112176461200897,0.5442429240786123,246,45,82,0.8434173408398775,3.114296702579198,2.4012355592591925,COMPLETE
26,26,0.25859619210002843,2023-04-07 18:30:51.820725,2023-04-07 18:31:00.856039,0 days 00:00:09.035314,0.3043040299530722,0.0704094427951428,0.15452200536569832,0.29147074059106426,266,30,189,1.8960627958799086,5.172761018302243,1.4606773814375762,COMPLETE
27,27,0.48778061949417445,2023-04-07 18:31:00.856394,2023-04-07 18:31:06.010260,0 days 00:00:05.153866,0.40183121630191115,0.21798328587511762,0.23733211824844203,0.4426920027963279,258,43,135,0.7945476440355109,4.450011051708486,2.438335998389934,COMPLETE
28,28,0.1708581983518045,2023-04-07 18:31:06.010619,2023-04-07 18:31:18.378068,0 days 00:00:12.367449,0.20960071046626472,0.048934520760890866,0.10032144003351381,0.5009798108891931,253,38,36,1.9081585207329006,3.026872348032131,1.5237307264651998,COMPLETE
29,29,0.40977550440466043,2023-04-07 18:31:18.378426,2023-04-07 18:31:22.519277,0 days 00:00:04.140851,0.47113524146121233,0.18077774876415764,0.282608510458418,0.376385441101043,243,48,153,3.457026912330358,5.558248078359683,3.7133759681132217,COMPLETE
30,30,0.6192100028417163,2023-04-07 18:31:22.519631,2023-04-07 18:31:26.758796,0 days 00:00:04.239165,0.07766958858790379,0.1597347967025932,0.30750117673567223,0.5838065362613095,267,47,92,1.5668046210948603,6.268813242566024,2.8627083011680106,COMPLETE
31,31,0.6047882921284456,2023-04-07 18:31:26.759144,2023-04-07 18:31:34.218120,0 days 00:00:07.458976,0.06023870261170938,0.15002316450328912,0.1677093891317482,0.5871060958698836,261,47,96,1.4383039833674842,4.743381001021409,2.874511353961295,COMPLETE
32,32,0.5899403239556692,2023-04-07 18:31:34.218498,2023-04-07 18:31:38.478707,0 days 00:00:04.260209,0.15242243331450667,0.07218611455632129,0.3090891536558261,0.6868001629509566,266,43,119,0.9312770481570947,6.032878794429193,2.071169756914858,COMPLETE
33,33,0.38498152884342146,2023-04-07 18:31:38.479056,2023-04-07 18:31:44.438680,0 days 00:00:05.959624,0.08502804635651223,0.17725914570256834,0.2299666809911083,0.4833484150142638,268,39,65,2.552817934414122,6.3461403772129055,3.002089418974747,COMPLETE
34,34,0.5219522591645354,2023-04-07 18:31:44.439037,2023-04-07 18:31:48.463693,0 days 00:00:04.024656,0.17133686107495022,0.27554831237193395,0.2962720600047778,0.5437600494097917,253,50,80,1.9442329058008752,5.291196878062967,1.2486928399829664,COMPLETE
35,35,0.585109406081273,2023-04-07 18:31:48.464048,2023-04-07 18:31:58.118501,0 days 00:00:09.654453,0.1601705380520102,0.07647715691563825,0.1630368963937891,0.41012708510856427,280,23,110,0.7016454767062866,6.507911671868339,2.096390259457678,COMPLETE
36,36,0.2681869849389031,2023-04-07 18:31:58.118866,2023-04-07 18:32:08.603456,0 days 00:00:10.484590,0.04848273626832849,0.2142155296121655,0.14094576910761158,0.5839137265392037,286,47,39,1.4616718377681528,7.915371409950197,1.3703178484271463,COMPLETE
37,37,0.5072463768115942,2023-04-07 18:32:08.603838,2023-04-07 18:32:14.640986,0 days 00:00:06.037148,0.1143613964657752,0.38856336200296593,0.21070565945423203,0.2752516806517967,258,40,135,0.16304025465410488,4.961686703723011,2.4792412000266886,COMPLETE
38,38,0.31209150326797386,2023-04-07 18:32:14.641344,2023-04-07 18:32:19.956997,0 days 00:00:05.315653,0.26015173014624515,0.13004430359590868,0.2564444594428282,0.36380305287298875,270,27,168,3.1141564626195897,4.302042093311513,4.324189649025935,COMPLETE
39,39,0.5608837737993748,2023-04-07 18:32:19.957353,2023-04-07 18:32:27.034512,0 days 00:00:07.077159,0.33694515054785423,0.05011411525763496,0.2008027505349522,0.4982391024550125,277,35,125,2.3328398791093203,5.605438127089368,1.918136909636151,COMPLETE
40,40,0.2733020744529696,2023-04-07 18:32:27.035014,2023-04-07 18:32:35.645830,0 days 00:00:08.610816,0.16104130003924216,0.280544952278028,0.14759669161578295,0.4447715176925776,263,43,186,1.650495154367941,3.9944878615630346,3.705691624817632,COMPLETE
41,41,0.6194231315714691,2023-04-07 18:32:35.646196,2023-04-07 18:32:43.717512,0 days 00:00:08.071316,0.053618432699706356,0.13232363826501897,0.15503706973616624,0.6039072284307021,259,47,99,0.6678307843497404,4.764116779829652,2.934959426703916,COMPLETE
42,42,0.6243961352657005,2023-04-07 18:32:43.717887,2023-04-07 18:32:52.438518,0 days 00:00:08.720631,0.010157408715164698,0.14311595194220733,0.14373322765158145,0.6034578940278086,257,47,93,0.6138485117758699,4.8891996534917395,2.7850351741304213,COMPLETE
43,43,0.1025859619210003,2023-04-07 18:32:52.439047,2023-04-07 18:32:56.058743,0 days 00:00:03.619696,0.03464830728901837,0.19812355599726536,0.3447794420804049,0.5997857825097542,257,47,286,0.6149974103327117,4.670033781772658,4.833564327521186,COMPLETE
44,44,0.5510798522307474,2023-04-07 18:32:56.059103,2023-04-07 18:33:09.201815,0 days 00:00:13.142712,0.005775878987573202,0.14129576712998568,0.1041219352696997,0.6486566586933364,269,46,78,0.729439055130205,6.119171675258984,3.570548543935267,COMPLETE
45,45,0.639030974708724,2023-04-07 18:33:09.202183,2023-04-07 18:33:18.559858,0 days 00:00:09.357675,0.07033065855575037,0.1549814990164039,0.14045013496504916,0.6151669625349181,260,49,95,1.2419089141981572,6.645592918264557,2.631773295062064,COMPLETE
46,46,0.2827507814720091,2023-04-07 18:33:18.560208,2023-04-07 18:33:25.225475,0 days 00:00:06.665267,0.06782045435047707,0.11442869341187124,0.19485107787256062,0.6158171982224514,260,49,55,1.0584872763540252,7.469918261854631,2.669467253981388,COMPLETE
47,47,0.43890309747087236,2023-04-07 18:33:25.225845,2023-04-07 18:33:30.033025,0 days 00:00:04.807180,0.004437046996909183,0.2366744874984511,0.26135003362200043,0.6849334915754781,255,50,71,2.1797935531057187,6.666450624711785,2.1566308278736113,COMPLETE
48,48,0.33660130718954245,2023-04-07 18:33:30.033382,2023-04-07 18:33:39.289991,0 days 00:00:09.256609,0.10836140637862611,0.17396514567516086,0.1366297885479231,0.5724390922684198,251,48,149,0.10981820018234467,6.874162730036,2.9731596366392408,COMPLETE
49,49,0.5559818130150611,2023-04-07 18:33:39.290356,2023-04-07 18:33:46.009400,0 days 00:00:06.719044,0.05990960230406033,0.07796700317619953,0.2247591270078993,0.6367226213435243,297,42,128,0.5873593356251563,5.595070766406047,4.169442323126841,COMPLETE
50,50,0.6291560102301791,2023-04-07 18:33:46.009754,2023-04-07 18:33:50.109194,0 days 00:00:04.099440,0.12364558155945357,0.035316384884948024,0.31900064593989197,0.6846659804028774,273,48,112,1.7451112961054227,4.964331010355403,2.779422574414856,COMPLETE
51,51,0.6144501278772379,2023-04-07 18:33:50.109554,2023-04-07 18:33:54.197228,0 days 00:00:04.087674,0.1256873770493753,0.03404151515458878,0.3191719451277702,0.7212479927615527,275,48,110,1.6886431465318443,4.919482080826232,3.0177868641214287,COMPLETE
52,52,0.5900113668655868,2023-04-07 18:33:54.197592,2023-04-07 18:33:56.898170,0 days 00:00:02.700578,0.049513587488924565,0.14266085796721062,0.5123878513558776,0.609502876078803,272,46,90,1.2360909489376912,5.245321015751073,2.2356171206998243,COMPLETE
53,53,0.6046462063086104,2023-04-07 18:33:56.898536,2023-04-07 18:34:00.290803,0 days 00:00:03.392267,0.08952669271528162,0.03521401047635761,0.37264071848132485,0.5256012105586051,264,49,95,0.5073193161830121,4.721540076248909,2.7640084100025235,COMPLETE
54,54,0.6046462063086104,2023-04-07 18:34:00.291160,2023-04-07 18:34:07.062533,0 days 00:00:06.771373,0.028255361202601983,0.09791632438710891,0.19232613525531433,0.7165000873154006,259,44,109,2.8828792834160364,6.089333536694025,1.8424523149113539,COMPLETE
55,55,0.2584541062801932,2023-04-07 18:34:07.062912,2023-04-07 18:34:18.105585,0 days 00:00:11.042673,0.1301552235013421,0.14613746650007153,0.13268023644677213,0.5597253275199208,255,18,50,1.7257257375541497,6.3585506614267695,3.3185542929557887,COMPLETE
56,56,0.3947854504120489,2023-04-07 18:34:18.106083,2023-04-07 18:34:22.638389,0 days 00:00:04.532306,0.1749554163981461,0.002874518965078704,0.2642315853327907,0.6450027119244083,246,46,73,1.1582246278753108,5.773924729989198,3.8782596647021954,COMPLETE
57,57,0.5852514919011083,2023-04-07 18:34:22.638753,2023-04-07 18:34:25.789521,0 days 00:00:03.150768,0.004428565426212186,0.10589914483283969,0.40788483512495793,0.5675414751635841,265,50,89,2.1796099475704325,4.340084100139478,1.0255886472872793,COMPLETE
58,58,0.0,2023-04-07 18:34:25.789891,2023-04-07 18:34:29.868153,0 days 00:00:04.078262,0.12891958159979905,0.18565018299844088,0.3275885335926877,0.5186298597675106,271,42,30,0.3787441521297125,5.218425996249421,3.24601519794231,COMPLETE
59,59,0.6094771241830065,2023-04-07 18:34:29.868526,2023-04-07 18:34:37.609432,0 days 00:00:07.740906,0.07275446577430295,0.25322456566119894,0.17678069193401014,0.7732635959767789,275,44,118,0.9971110522751799,5.522216521441137,2.741458702121606,COMPLETE
60,60,0.6145922136970731,2023-04-07 18:34:37.609789,2023-04-07 18:34:47.399541,0 days 00:00:09.789752,0.1951456786991571,0.04008664757545605,0.1314890719145317,0.6646771408324368,261,47,101,1.346488544567308,4.934640760770429,2.41163817866828,COMPLETE
61,61,0.5948422847399829,2023-04-07 18:34:47.399899,2023-04-07 18:34:56.556002,0 days 00:00:09.156103,0.18544666141525654,0.04364284830280229,0.1399952593506639,0.6267625985250349,261,47,107,1.4399353678412377,4.861367788690034,1.7441734399366857,COMPLETE
62,62,0.6194941744813868,2023-04-07 18:34:56.556364,2023-04-07 18:35:01.855570,0 days 00:00:05.299206,0.22640694797883065,0.08336096245273997,0.22554555845487834,0.6071585238771777,256,49,101,0.5326574920994153,4.548378779744272,2.2288889728455303,COMPLETE
63,63,0.5267831770389315,2023-04-07 18:35:01.855927,2023-04-07 18:35:07.487314,0 days 00:00:05.631387,0.22531651344611164,0.12019931073760909,0.21182317261570544,0.5965151099329938,256,49,131,0.5129113001612672,4.47037244217559,2.4088551079849303,COMPLETE
64,64,0.39514066496163686,2023-04-07 18:35:07.487671,2023-04-07 18:35:12.331919,0 days 00:00:04.844248,0.09368076502567939,0.09679708979115385,0.2756217484768697,0.534281971270133,251,11,145,0.8336637355210417,3.703451111126501,3.487212469013447,COMPLETE
65,65,0.5561238988348962,2023-04-07 18:35:12.332279,2023-04-07 18:35:17.175587,0 days 00:00:04.843308,0.14062354758986387,0.14936853939379402,0.23680400143433147,0.4792710887872104,247,45,88,0.37891783550478797,4.244492046963238,2.00719491897156,COMPLETE
66,66,0.385052571753339,2023-04-07 18:35:17.175945,2023-04-07 18:35:24.145274,0 days 00:00:06.969329,0.032046855948665465,0.06535571566960041,0.17505947575139894,0.5703658578656975,253,48,65,1.7893197877484697,5.365454743908654,3.104974137525757,COMPLETE
67,67,0.47790565501562937,2023-04-07 18:35:24.145644,2023-04-07 18:35:35.465512,0 days 00:00:11.319868,0.09152645411165856,0.16221199172102638,0.12112574463958634,0.6143112316864466,267,32,114,0.10334518436350282,4.00445107811895,2.6164743285240655,COMPLETE
68,68,0.219664677465189,2023-04-07 18:35:35.465893,2023-04-07 18:35:41.068208,0 days 00:00:05.602315,0.23015271998560838,0.012642679913543398,0.2236884383052609,0.6753707462871483,259,41,234,1.1002895049627437,4.593528467310574,3.8997200222883386,COMPLETE
69,69,0.09285308326229043,2023-04-07 18:35:41.068564,2023-04-07 18:35:45.799027,0 days 00:00:04.730463,0.1432131673495185,0.08674192614121334,0.28812593273785997,0.5104883854248994,281,50,252,0.8161848646218799,5.9344805563652026,1.1224742692153749,COMPLETE
70,70,0.6097612958226769,2023-04-07 18:35:45.799386,2023-04-07 18:35:53.772114,0 days 00:00:07.972728,0.1927110091089393,0.20279884967417935,0.15481409629401263,0.5429560893494246,249,44,99,1.979006762856303,5.041986421469213,1.6658329416492803,COMPLETE
71,71,0.6292270531400965,2023-04-07 18:35:53.772481,2023-04-07 18:36:04.622531,0 days 00:00:10.850050,0.28761171037107564,0.06646314989610316,0.11947049712550556,0.6630838688208105,261,46,99,1.3473994899632435,5.093600845927848,2.353816966187439,COMPLETE
72,72,0.5122193805058255,2023-04-07 18:36:04.622911,2023-04-07 18:36:11.427155,0 days 00:00:06.804244,0.25572113077136366,0.07014890392422662,0.1815847473825972,0.6386756659853932,263,49,75,1.4747272039732102,4.213981917297643,1.4211780693368432,COMPLETE
73,73,0.5706876953680022,2023-04-07 18:36:11.427517,2023-04-07 18:36:22.402610,0 days 00:00:10.975093,0.27794653259273955,0.1175579647985124,0.11610484264960377,0.5805059198506048,257,46,85,1.0838363994162565,4.586243626618106,2.274771579562067,COMPLETE
74,74,0.5705456095481671,2023-04-07 18:36:22.402960,2023-04-07 18:36:30.148150,0 days 00:00:07.745190,0.06315537736483726,0.1605728136418593,0.16620767725186436,0.7157742056052487,262,45,124,2.3435365547210467,5.359899127013689,2.912703588684054,COMPLETE
75,75,0.5998863313441318,2023-04-07 18:36:30.148519,2023-04-07 18:36:35.226196,0 days 00:00:05.077677,0.2937806338012005,0.02061079295510318,0.2447741577900428,0.6136327367914581,254,48,92,0.5175567609157494,5.849197853227769,2.5590128961804552,COMPLETE
76,76,0.46334185848252346,2023-04-07 18:36:35.226573,2023-04-07 18:36:41.514025,0 days 00:00:06.287452,0.1145976224043414,0.0693086900177097,0.20274056250234201,0.6571889330724002,265,47,139,0.8424791344767352,5.115792736582313,2.0050999496015027,COMPLETE
77,77,0.6144501278772379,2023-04-07 18:36:41.514413,2023-04-07 18:36:53.965950,0 days 00:00:12.451537,0.22217198232230662,0.12857220687009718,0.10199139770433571,0.702279635251293,259,43,104,1.6381647771259455,3.4580061354772216,3.1874112184045074,COMPLETE
78,78,0.49261153736857066,2023-04-07 18:36:53.966341,2023-04-07 18:37:04.388599,0 days 00:00:10.422258,0.16436284870535312,0.00038208090688292284,0.1267705576091313,0.7430606071471562,268,46,70,1.264980112380891,4.721138642317625,2.793356102067764,COMPLETE
79,79,0.5949133276499005,2023-04-07 18:37:04.389003,2023-04-07 18:37:12.515166,0 days 00:00:08.126163,0.03364725478414757,0.05422549886391109,0.15379939403530044,0.6841340620392157,256,49,116,0.40551423781164103,5.632233082833246,2.1991437306724118,COMPLETE
80,80,0.25348110258596196,2023-04-07 18:37:12.515539,2023-04-07 18:37:20.269580,0 days 00:00:07.754041,0.07609955006137693,0.19079284188295778,0.17865190009875212,0.5901936954718324,270,45,55,0.6482880235415307,6.26951424497001,3.4620001316815787,COMPLETE
81,81,0.6194231315714691,2023-04-07 18:37:20.269941,2023-04-07 18:37:29.777330,0 days 00:00:09.507389,0.20276811309877274,0.033935225588797725,0.13367619158218322,0.6651223488987112,261,47,100,1.3974107009624221,4.9909057890337625,2.4022385454621777,COMPLETE
82,82,0.5267831770389315,2023-04-07 18:37:29.777691,2023-04-07 18:37:35.549036,0 days 00:00:05.771345,0.24312092809368432,0.09163216903810664,0.2106644402080869,0.663495595291909,258,48,82,1.9300791830109727,4.42371553329472,1.652821544562318,COMPLETE
83,83,0.6391020176186416,2023-04-07 18:37:35.549407,2023-04-07 18:37:45.240802,0 days 00:00:09.691395,0.3184126004033648,0.02513575998925191,0.12956378137732927,0.635656050010107,260,50,97,1.5875612163955335,4.828476902314545,2.541234239043473,COMPLETE
84,84,0.6292270531400966,2023-04-07 18:37:45.241179,2023-04-07 18:37:53.412201,0 days 00:00:08.171022,0.3123664782586581,0.027094392057150363,0.15448454304314518,0.6276932804742966,261,50,94,1.6368671944830098,5.0998748508838325,2.6143374643262294,COMPLETE
85,85,0.6194941744813868,2023-04-07 18:37:53.412573,2023-04-07 18:38:01.865658,0 days 00:00:08.453085,0.33125780908585434,0.03060136837146671,0.14885302063799238,0.6361520099150786,261,50,98,2.198916710428817,5.076690558715097,2.565987638938761,COMPLETE
86,86,0.5851804489911907,2023-04-07 18:38:01.866031,2023-04-07 18:38:10.182901,0 days 00:00:08.316870,0.3288941366516148,0.018578328134908922,0.1552126526374165,0.6306130391655941,263,49,123,2.5800720221463367,5.367563117953775,2.647653718544685,COMPLETE
87,87,0.6096192100028417,2023-04-07 18:38:10.183277,2023-04-07 18:38:16.564947,0 days 00:00:06.381670,0.3504933449349328,0.059316626094160156,0.18799196860028616,0.6924268825793062,259,50,96,2.2010381069406164,4.16212120288135,3.1240808412558643,COMPLETE
88,88,0.5560528559249787,2023-04-07 18:38:16.565314,2023-04-07 18:38:27.118749,0 days 00:00:10.553435,0.30761780972805686,0.03178926817956891,0.11819925223602513,0.5580433452781127,256,50,83,1.742479939796535,4.844994798695119,2.18634650350351,COMPLETE
89,89,0.37574595055413473,2023-04-07 18:38:27.119134,2023-04-07 18:38:32.426537,0 days 00:00:05.307403,0.37761889009602356,0.05257691933285307,0.23942843817150683,0.637752595268225,265,48,161,1.1743106987280931,5.118918204330028,2.855196724552253,COMPLETE
90,90,0.6096192100028417,2023-04-07 18:38:32.426903,2023-04-07 18:38:40.230670,0 days 00:00:07.803767,0.29557116531533423,0.09682920023389105,0.15388008367633135,0.6103046512672852,252,50,109,1.9391317485223514,4.6301514088354265,1.9191606413000564,COMPLETE
91,91,0.6243250923557828,2023-04-07 18:38:40.231045,2023-04-07 18:38:50.237568,0 days 00:00:10.006523,0.20389096824626948,0.02590666355841148,0.12852346926405145,0.661205283167615,261,47,100,1.4004567137145394,5.043735847937454,2.3945570197207493,COMPLETE
92,92,0.6194941744813868,2023-04-07 18:38:50.237956,2023-04-07 18:38:57.516780,0 days 00:00:07.278824,0.27662427043658355,0.08206610762845369,0.1728239431122559,0.5972338006389927,260,49,93,0.9819868840845993,5.522487211288891,2.5727553762541038,COMPLETE
93,93,0.5462489343563512,2023-04-07 18:38:57.517180,2023-04-07 18:39:08.169748,0 days 00:00:10.652568,0.27308880324423634,0.00017483780574480828,0.12288104988880039,0.6574841994773033,262,49,78,1.531659870181193,5.733358600860616,2.548446593792477,COMPLETE
94,94,0.36551577152600173,2023-04-07 18:39:08.170125,2023-04-07 18:39:15.533619,0 days 00:00:07.363494,0.3153256795304117,0.07745240683155664,0.17463403827459317,0.6960650225481272,260,46,61,0.8805310849896848,5.4640810488646405,1.8406298591739998,COMPLETE
95,95,0.6046462063086104,2023-04-07 18:39:15.534000,2023-04-07 18:39:21.937272,0 days 00:00:06.403272,0.34556373227985054,0.031352581801119946,0.19837346364006087,0.7469537140166281,264,48,112,2.1012672335375404,5.1350965578925685,2.3274246883060354,COMPLETE
96,96,0.6146632566069906,2023-04-07 18:39:21.937661,2023-04-07 18:39:35.460045,0 days 00:00:13.522384,0.2435093608153372,0.05360971619193518,0.10316352828842032,0.6383059974153531,257,27,93,1.0395609269466524,5.485171198340183,2.072908551844604,COMPLETE
97,97,0.49254049445865294,2023-04-07 18:39:35.460421,2023-04-07 18:39:45.875527,0 days 00:00:10.415106,0.2913697974721194,0.023540958813585516,0.13868676768778446,0.5971221178164773,286,50,68,2.744138843602178,5.823314755243379,1.539181342930667,COMPLETE
98,98,0.6337737993748225,2023-04-07 18:39:45.875899,2023-04-07 18:39:52.027498,0 days 00:00:06.151599,0.2613572236057161,0.08386733153306974,0.21480740747754903,0.5630799830741723,277,49,103,1.2621564426689675,4.9065015807020105,3.119522779538129,COMPLETE
99,99,0.5462489343563511,2023-04-07 18:39:52.027868,2023-04-07 18:39:58.485391,0 days 00:00:06.457523,0.22701770754723685,0.11804416770531748,0.20474211515840146,0.5505246199546163,274,46,131,2.410607556014791,4.849261361463449,3.2842106984032142,COMPLETE
100,100,0.6094771241830065,2023-04-07 18:39:58.485773,2023-04-07 18:40:04.235463,0 days 00:00:05.749690,0.2079799755319179,0.10300486292221869,0.22992465782108748,0.6257630065840233,279,48,104,1.6153401580962574,4.403158342246876,2.736878212926858,COMPLETE
101,101,0.6243250923557828,2023-04-07 18:40:04.235847,2023-04-07 18:40:11.700516,0 days 00:00:07.464669,0.26354394784342106,0.08593188510405772,0.18143495651132727,0.5852914675614214,277,49,89,1.3050294600842878,5.226836691261255,2.4878093888820745,COMPLETE
102,102,0.5999573742540495,2023-04-07 18:40:11.700901,2023-04-07 18:40:21.357139,0 days 00:00:09.656238,0.32874046234902493,0.054571423107944605,0.14293885585429297,0.569703883013682,278,49,86,1.2857534374635509,5.162753128900914,2.9862073034113097,COMPLETE
103,103,0.619281045751634,2023-04-07 18:40:21.357510,2023-04-07 18:40:27.354999,0 days 00:00:05.997489,0.2562278587939104,0.019217171338802956,0.21412880465480516,0.6735242729039863,276,50,115,1.7904952119721058,4.582816360079655,2.215160387271181,COMPLETE
104,104,0.5169792554703041,2023-04-07 18:40:27.355384,2023-04-07 18:40:34.530122,0 days 00:00:07.174738,0.18116215298820873,0.08185978349988662,0.18471274745736369,0.6434875200088478,273,47,76,1.3235941224255607,4.902931423436901,2.3696069122024577,COMPLETE
105,105,0.62411196362603,2023-04-07 18:40:34.530518,2023-04-07 18:40:39.592499,0 days 00:00:05.061981,0.3676931763948615,0.13389842265991916,0.265801575521598,0.5310183856578873,282,48,103,1.553517157642283,5.2933495997653255,3.1012759579477276,COMPLETE
106,106,0.6094771241830065,2023-04-07 18:40:39.592898,2023-04-07 18:40:44.674405,0 days 00:00:05.081507,0.41734464449365594,0.13360764244516282,0.2685329499973678,0.5768651062613469,284,48,121,1.5399279229922551,5.310052915210874,3.05291695097377,COMPLETE
107,107,0.6388888888888888,2023-04-07 18:40:44.674791,2023-04-07 18:40:50.308357,0 days 00:00:05.633566,0.35347253272647616,0.11416276255307106,0.240747880491073,0.5166098631185054,281,44,107,0.27497995230170286,4.7530505531739085,3.593002844851484,COMPLETE
108,108,0.6338448422847399,2023-04-07 18:40:50.308740,2023-04-07 18:40:56.307941,0 days 00:00:05.999201,0.3546468486991029,0.17051851640863344,0.25023472285342563,0.5251539760970726,281,23,108,0.3176788532899817,6.00797573003326,3.5932442344782536,COMPLETE
109,109,0.4828076157999432,2023-04-07 18:40:56.308487,2023-04-07 18:41:02.353856,0 days 00:00:06.045369,0.3917169966214339,0.15696262066961145,0.2532604048113697,0.5017496242230574,284,23,86,0.2824434393529629,5.95188156222188,3.7056797547692266,COMPLETE
110,110,0.6337737993748224,2023-04-07 18:41:02.354247,2023-04-07 18:41:07.408713,0 days 00:00:05.054466,0.3589754516173838,0.11644868173191292,0.29703972301978343,0.5200996280096805,277,15,107,0.2836228360086472,5.622013110267637,3.410457880620129,COMPLETE
111,111,0.6192810457516339,2023-04-07 18:41:07.409088,2023-04-07 18:41:12.808094,0 days 00:00:05.399006,0.34972436374940963,0.11500594185560949,0.2862422795135711,0.5192289540017633,279,12,109,0.24028972709875165,6.140664605268821,3.3686474123149432,COMPLETE
112,112,0.5705456095481671,2023-04-07 18:41:12.808475,2023-04-07 18:41:19.040786,0 days 00:00:06.232311,0.3113157087416616,0.17659372430155365,0.24297034266544487,0.5484148419637929,277,19,114,0.7571275022021712,5.7200975262262,3.5282292875531382,COMPLETE
113,113,0.18059107701051436,2023-04-07 18:41:19.041165,2023-04-07 18:41:23.552256,0 days 00:00:04.511091,0.4093672920265988,0.10378646720867478,0.3415375185665196,0.4858282456198874,288,20,213,0.6117791836071467,5.638725744296294,2.8166270513966336,COMPLETE
114,114,0.4680306905370844,2023-04-07 18:41:23.552635,2023-04-07 18:41:36.478719,0 days 00:00:12.926084,0.2782393599353146,0.05155994591453232,0.11924655050750217,0.5246499935210687,280,24,129,0.1150056047608683,4.723809514978659,3.272247243037308,COMPLETE
115,115,0.5462489343563512,2023-04-07 18:41:36.479106,2023-04-07 18:41:41.003581,0 days 00:00:04.524475,0.3745096636678423,0.0712068513161769,0.30901329911973585,0.4724520330832838,275,31,92,0.3652182001065737,5.015416510519244,3.7031304026140295,COMPLETE
116,116,0.47300369423131566,2023-04-07 18:41:41.003963,2023-04-07 18:41:48.663828,0 days 00:00:07.659865,0.35055159921080237,0.15482065160289765,0.1951899945991527,0.5605694559901285,273,16,120,0.9649284459600089,5.430401051479873,3.417902581920922,COMPLETE
117,117,0.5998863313441318,2023-04-07 18:41:48.664223,2023-04-07 18:41:57.217465,0 days 00:00:08.553242,0.4384761869473941,0.12888914540040616,0.16439759108285484,0.583934659182593,282,44,88,1.1673251668406104,5.235426633008566,3.920692312710321,COMPLETE
118,118,0.6046462063086104,2023-04-07 18:41:57.217849,2023-04-07 18:42:04.382802,0 days 00:00:07.164953,0.2991723605857001,0.21309786304960204,0.21894776040363267,0.5403587312363054,279,14,106,0.49588596738971724,6.509525577245309,2.7594682957031815,COMPLETE
119,119,0.45353793691389593,2023-04-07 18:42:04.383208,2023-04-07 18:42:09.293949,0 days 00:00:04.910741,0.2579006035019075,0.17973141995676756,0.2945433233550541,0.6223158979879383,283,25,138,0.6725194180067471,4.806087614466152,3.1118581279225217,COMPLETE
120,120,0.6290849673202614,2023-04-07 18:42:09.294336,2023-04-07 18:42:21.504332,0 days 00:00:12.209996,0.3606222541646263,0.10286505975395908,0.1263761625371289,0.5915564885008636,276,21,96,0.7908798382400946,5.87416965734446,2.487674476859571,COMPLETE
121,121,0.5900113668655868,2023-04-07 18:42:21.504729,2023-04-07 18:42:33.870956,0 days 00:00:12.366227,0.31540675200878737,0.09485243080583274,0.13101440151021343,0.5969542490939377,277,14,94,0.867935692123377,6.077417800441104,2.460656569407994,COMPLETE
122,122,0.4975845410628019,2023-04-07 18:42:33.871335,2023-04-07 18:42:42.850852,0 days 00:00:08.979517,0.35906200280237766,0.06171865871738455,0.16860731652248032,0.5107338647833933,271,20,82,0.31939499148982997,5.846994432060003,2.8720646128564247,COMPLETE
123,123,0.6388178459789713,2023-04-07 18:42:42.851256,2023-04-07 18:42:57.767179,0 days 00:00:14.915923,0.3895156940927507,0.11967610550389617,0.10140130818670746,0.577477854866613,276,29,99,1.230480234473091,5.59728577351328,2.5651445422948385,COMPLETE
124,124,0.6485507246376812,2023-04-07 18:42:57.767558,2023-04-07 18:43:12.549159,0 days 00:00:14.781601,0.39542534822230635,0.11356763064551686,0.10110493349238048,0.46142754026771104,274,29,99,0.7142408282779491,5.650547301682929,2.6418195953901886,COMPLETE
125,125,0.619281045751634,2023-04-07 18:43:12.549535,2023-04-07 18:43:27.120915,0 days 00:00:14.571380,0.3826322508211347,0.14616898603311812,0.10279043843143491,0.4700787836269274,275,30,107,0.6958879229196004,5.644344684727131,3.589452988384096,COMPLETE
126,126,0.5949843705598181,2023-04-07 18:43:27.121301,2023-04-07 18:43:39.993656,0 days 00:00:12.872355,0.3933520444678388,0.11003068852325626,0.1146900118183722,0.5584822295740877,272,29,115,0.998625342184563,6.045636957686338,2.7121307192518733,COMPLETE
127,127,0.6631145211707872,2023-04-07 18:43:39.994032,2023-04-07 18:43:55.028837,0 days 00:00:15.034805,0.4425153508322983,0.1697482069260767,0.10103649000948589,0.43945660305416434,274,28,97,0.5076625920851626,6.264000156647116,3.1842624648267774,COMPLETE
128,128,0.3461210571184996,2023-04-07 18:43:55.029213,2023-04-07 18:44:10.307127,0 days 00:00:15.277914,0.44185882762184076,0.1717491793562418,0.10192987849993243,0.44843544569759464,276,28,97,0.11128249220366498,6.548784694410208,3.2275437554700472,COMPLETE
129,129,0.5804916169366298,2023-04-07 18:44:10.307513,2023-04-07 18:44:22.491405,0 days 00:00:12.183892,0.36815680339012935,0.23355279061030731,0.12142007164856386,0.49535140955116963,274,32,126,0.4217898537105812,6.291513068417299,4.1928784606726435,COMPLETE
130,130,0.6337737993748224,2023-04-07 18:44:22.491802,2023-04-07 18:44:32.752442,0 days 00:00:10.260640,0.40988938628656324,0.20171980947806262,0.15042720922840702,0.42108542020001194,281,26,104,1.1543665184495562,5.8927518922396285,2.9494537490955413,COMPLETE
131,131,0.6288718385905087,2023-04-07 18:44:32.752826,2023-04-07 18:44:42.937217,0 days 00:00:10.184391,0.4018794682720332,0.18486179807397712,0.15037749887412827,0.4423599342400795,281,26,105,1.2222508038930824,5.922101515012473,2.979258671216079,COMPLETE
132,132,0.6288007956805911,2023-04-07 18:44:42.937612,2023-04-07 18:44:54.478443,0 days 00:00:11.540831,0.4555626508641092,0.19835635396238815,0.1354344502176862,0.41346210275667855,278,22,100,0.830918420946378,6.812003439326216,3.432470638694711,COMPLETE
133,133,0.5997442455242966,2023-04-07 18:44:54.478888,2023-04-07 18:45:09.386764,0 days 00:00:14.907876,0.42477262620198275,0.13186321829310566,0.10106697996592895,0.415303666597426,272,27,111,1.0683143072575518,6.363732106167315,2.6311052625799753,COMPLETE
134,134,0.5754475703324808,2023-04-07 18:45:09.387154,2023-04-07 18:45:18.506072,0 days 00:00:09.118918,0.47870835449275717,0.11338126687645099,0.1651098265500584,0.46558751120436087,280,28,121,0.5921070449979385,5.675578046258801,3.185070352270028,COMPLETE
135,135,0.5463910201761863,2023-04-07 18:45:18.506465,2023-04-07 18:45:28.960067,0 days 00:00:10.453602,0.4040316024702127,0.1622514552567337,0.14532594801932724,0.3983544291859,274,26,78,1.8540874139127277,6.139878539426876,1.9967299330260415,COMPLETE
136,136,0.6388888888888888,2023-04-07 18:45:28.960454,2023-04-07 18:45:36.561669,0 days 00:00:07.601215,0.34197286737715055,0.14257502964416516,0.19075942097675702,0.4981684061150773,276,29,97,0.31520187333790217,5.494854735068827,2.936614587260644,COMPLETE
137,137,0.6337737993748224,2023-04-07 18:45:36.562047,2023-04-07 18:45:42.367045,0 days 00:00:05.804998,0.3295228032201002,0.22589530824858775,0.24824978158618408,0.46849511957596407,278,29,104,0.40434102510394326,5.535420525620518,3.6297670976365355,COMPLETE
138,138,0.6192100028417163,2023-04-07 18:45:42.367438,2023-04-07 18:45:49.661518,0 days 00:00:07.294080,0.33062540564092824,0.20287266153881306,0.19980939201777445,0.49890475832501907,278,29,107,0.3055627542486523,5.458639331504202,3.813116673509668,COMPLETE
139,139,0.5218101733447001,2023-04-07 18:45:49.661907,2023-04-07 18:45:56.170961,0 days 00:00:06.509054,0.42297319346943335,0.16328722100186763,0.22345275059063233,0.43411397556256487,285,35,84,0.5101746194884622,5.573033959467839,3.6056472634330863,COMPLETE
140,140,0.3900966183574879,2023-04-07 18:45:56.171345,2023-04-07 18:46:01.998467,0 days 00:00:05.827122,0.3404375855728486,0.22855059998435762,0.25045766119587853,0.4664674236643616,282,31,72,0.3907819880437628,5.788499571389103,4.083559101680608,COMPLETE
141,141,0.6143080420574026,2023-04-07 18:46:01.998866,2023-04-07 18:46:07.580026,0 days 00:00:05.581160,0.3823221660694419,0.2515483116579578,0.2607975369650157,0.45776588074489327,281,29,113,0.24083193424960903,5.416984744765629,2.9560560596262175,COMPLETE
142,142,0.6192100028417163,2023-04-07 18:46:07.580444,2023-04-07 18:46:12.819001,0 days 00:00:05.238557,0.32340485759467535,0.19734171129294054,0.2751312614728402,0.48479376835640225,276,31,103,0.9729524870921313,6.161882692057597,3.4014707274033813,COMPLETE
143,143,0.5900824097755044,2023-04-07 18:46:12.819389,2023-04-07 18:46:17.374416,0 days 00:00:04.555027,0.36454638896027264,0.13932301659710777,0.31745914373469974,0.5189793240324871,278,28,91,0.6826319002700869,5.25330845295507,4.396691667559144,COMPLETE
144,144,0.5996021597044615,2023-04-07 18:46:17.374824,2023-04-07 18:46:25.107618,0 days 00:00:07.732794,0.39624293047050263,0.22306732815057728,0.19111023598044719,0.4382243513437776,270,25,98,1.1867177093215417,6.414076769903295,3.0917915969100633,COMPLETE
145,145,0.5996732026143791,2023-04-07 18:46:25.108003,2023-04-07 18:46:31.149622,0 days 00:00:06.041619,0.2949006524120153,0.12365278945764842,0.236557338345797,0.4862672964929107,275,30,116,1.4547237832156987,5.977831864762556,3.264813491220848,COMPLETE
146,146,0.623969877806195,2023-04-07 18:46:31.150022,2023-04-07 18:46:40.581295,0 days 00:00:09.431273,0.3252955989411514,0.2684888642510548,0.1622876730889411,0.5273658361528581,279,27,104,0.48884450065670676,6.633916843667819,2.8648301103557423,COMPLETE
147,147,0.6241830065359477,2023-04-07 18:46:40.581676,2023-04-07 18:46:47.507151,0 days 00:00:06.925475,0.34211981756842275,0.07481998426856606,0.21226316118446148,0.45866642312544054,288,33,110,1.7623975835029604,4.963615349611569,3.8604160427622145,COMPLETE
148,148,0.551150895140665,2023-04-07 18:46:47.507538,2023-04-07 18:46:52.494134,0 days 00:00:04.986596,0.45414790570638175,0.04667682852027885,0.28432543005208405,0.507344037800384,274,29,89,0.8886902596276713,5.555199345967829,2.6771849792007636,COMPLETE
149,149,0.4534668940039784,2023-04-07 18:46:52.494539,2023-04-07 18:47:03.434239,0 days 00:00:10.939700,0.41746355467540947,0.14831088749593851,0.14171365252490514,0.3908500894517435,280,28,96,0.15305113895757788,7.052173621160392,3.6239109130681846,COMPLETE
150,150,0.5510798522307473,2023-04-07 18:47:03.434695,2023-04-07 18:47:16.434771,0 days 00:00:13.000076,0.379459134816963,0.29808632573324034,0.11604627803021692,0.4247549920514093,273,25,118,1.126558039244916,5.0847391325032065,3.0320356265037463,COMPLETE
151,151,0.6339158851946576,2023-04-07 18:47:16.435175,2023-04-07 18:47:28.347143,0 days 00:00:11.911968,0.35310733723622645,0.09493811546654622,0.13005736615195143,0.5460553576045547,277,22,97,0.8340879785624704,5.803181080452156,2.4950847970035914,COMPLETE
152,152,0.6190679170218812,2023-04-07 18:47:28.347532,2023-04-07 18:47:36.857282,0 days 00:00:08.509750,0.34917389280788386,0.17750976209795927,0.17171571405807698,0.5373066269169633,277,30,102,0.7145002830181456,5.752057559874559,2.180862562140872,COMPLETE
153,153,0.4975845410628019,2023-04-07 18:47:36.857664,2023-04-07 18:47:40.825239,0 days 00:00:03.967575,0.31050810921299055,0.08659613212631177,0.3612431666324404,0.5521618224349518,276,27,83,1.3879880785827614,5.368453024608282,2.700665192860746,COMPLETE
154,154,0.6145211707871554,2023-04-07 18:47:40.825645,2023-04-07 18:47:51.352766,0 days 00:00:10.527121,0.36680313736703624,0.11920178800563544,0.14963972707401177,0.5047618585140209,278,23,93,1.638389343439258,6.28808771020919,2.8402934877302357,COMPLETE
155,155,0.5997442455242966,2023-04-07 18:47:51.353159,2023-04-07 18:48:04.505733,0 days 00:00:13.152574,0.28598267398985194,0.06433012920241485,0.11734193442636395,0.5705773644917508,280,24,109,0.5760201786099534,5.928364431191309,2.418958519540512,COMPLETE
156,156,0.6096192100028417,2023-04-07 18:48:04.506121,2023-04-07 18:48:11.960195,0 days 00:00:07.454074,0.3937240384132859,0.3908631450936074,0.18589605636394402,0.47912972792335135,271,29,101,0.36588714373702264,4.712551878679963,3.3112745715440375,COMPLETE
157,157,0.619281045751634,2023-04-07 18:48:11.960579,2023-04-07 18:48:23.949676,0 days 00:00:11.989097,0.32022678996168874,0.039439055680427326,0.13361579962457973,0.5361470413751624,283,17,89,0.9015999459184889,5.5585545820545965,2.30593888936573,COMPLETE
158,158,0.33631713554987214,2023-04-07 18:48:23.950066,2023-04-07 18:48:38.799721,0 days 00:00:14.849655,0.42365873452762215,0.013332234859859984,0.10098979758568387,0.42359489068850487,273,26,97,0.11044883134836639,5.292767161514923,3.135000726370375,COMPLETE
159,159,0.5219522591645354,2023-04-07 18:48:38.800141,2023-04-07 18:48:48.149152,0 days 00:00:09.349011,0.35080713592746526,0.09294748353768109,0.15871602627189818,0.4481257323127658,275,28,78,1.2452461848812455,5.725298876448334,2.5890689941706215,COMPLETE
160,160,0.5948422847399829,2023-04-07 18:48:48.149548,2023-04-07 18:48:52.647497,0 days 00:00:04.497949,0.48729493181053535,0.15409299061776727,0.3297568278945045,0.615609377361216,277,22,113,0.7505035815830569,6.111919740344051,3.450708182441203,COMPLETE
161,161,0.6339869281045752,2023-04-07 18:48:52.647914,2023-04-07 18:49:04.817985,0 days 00:00:12.170071,0.36693723983961773,0.10446526385977362,0.12640665187670486,0.5740723050666166,276,24,96,4.249569127678871,5.7854008835328905,2.498067324442716,COMPLETE
162,162,0.5900113668655868,2023-04-07 18:49:04.818371,2023-04-07 18:49:17.253371,0 days 00:00:12.435000,0.3779613331548375,0.10397111224465333,0.12325860349652053,0.5534444180270905,278,23,106,3.202473583134455,5.167850702319518,2.061516355109926,COMPLETE
163,163,0.6290849673202614,2023-04-07 18:49:17.253793,2023-04-07 18:49:28.184386,0 days 00:00:10.930593,0.3411603890548197,0.12652265886669545,0.14024225250055475,0.5216329499762229,281,26,95,5.417474726805686,5.464870224728688,2.885125894281752,COMPLETE
164,164,0.5268542199488491,2023-04-07 18:49:28.184812,2023-04-07 18:49:31.469821,0 days 00:00:03.285009,0.31236500862578104,0.06945539904174884,0.4551021529161074,0.566132916457324,275,24,86,6.996581003504325,5.855259769013671,2.598772234107323,COMPLETE
165,165,0.6143080420574026,2023-04-07 18:49:31.470220,2023-04-07 18:49:36.193909,0 days 00:00:04.723689,0.4056944009738971,0.18669536765981762,0.2977577097094804,0.49809498607747854,276,32,102,1.96417565220736,4.862491732397135,2.3179614808991187,COMPLETE
166,166,0.5365160556976414,2023-04-07 18:49:36.194328,2023-04-07 18:49:44.725350,0 days 00:00:08.531022,0.438763058449184,0.14060886291766786,0.1763095045467737,0.6501186510083197,273,25,121,1.0458705522758036,6.223920968599951,2.973546998914462,COMPLETE
167,167,0.29759874964478544,2023-04-07 18:49:44.725770,2023-04-07 18:49:51.049079,0 days 00:00:06.323309,0.29858570273406226,0.08996094023675913,0.24410585879889773,0.3794941160254434,279,21,176,4.000741941297159,6.518038305105254,2.747009181427666,COMPLETE
168,168,0.6338448422847399,2023-04-07 18:49:51.049491,2023-04-07 18:50:04.011428,0 days 00:00:12.961937,0.36540796635325123,0.16539756402899372,0.11604171636715749,0.6180183818646354,274,27,107,1.5849175242343803,5.649704261779213,2.529991003253624,COMPLETE
169,169,0.658283603296391,2023-04-07 18:50:04.011869,2023-04-07 18:50:17.753392,0 days 00:00:13.741523,0.3606559310724174,0.21022797108556865,0.11112910071220496,0.5841538717768712,277,27,93,4.66658247191649,6.024952637242959,2.1526181837516143,COMPLETE
170,170,0.6485507246376812,2023-04-07 18:50:17.753815,2023-04-07 18:50:31.051924,0 days 00:00:13.298109,0.3629577382920522,0.2069066090422073,0.11552501658187354,0.5806454889558734,277,27,91,4.435121289568656,6.001052053503364,2.143752540527185,COMPLETE
171,171,0.658283603296391,2023-04-07 18:50:31.052333,2023-04-07 18:50:46.084260,0 days 00:00:15.031927,0.3582039789822343,0.21577255878717871,0.10085007697154451,0.5772621779120676,277,28,91,4.356214065727558,5.984168843558928,1.818274452490645,COMPLETE
172,172,0.6437908496732025,2023-04-07 18:50:46.084666,2023-04-07 18:50:59.687947,0 days 00:00:13.603281,0.36341691869032205,0.2251621128618699,0.111957372707981,0.5829582857832352,277,27,89,4.516425876883143,6.057610526478183,1.8972332107270642,COMPLETE
173,173,0.5804916169366298,2023-04-07 18:50:59.688334,2023-04-07 18:51:14.583275,0 days 00:00:14.894941,0.3630451243246371,0.21080475275021665,0.10202942957780622,0.5832719068126241,276,27,82,4.488141724431303,6.007287071113338,1.9159728739395625,COMPLETE
174,174,0.6389599317988065,2023-04-07 18:51:14.583672,2023-04-07 18:51:27.205455,0 days 00:00:12.621783,0.3867619071346038,0.16798635297375664,0.1195311353258695,0.5817087227119573,274,28,89,4.413775735930873,6.347534791954112,1.5641170993658988,COMPLETE
175,175,0.5463199772662688,2023-04-07 18:51:27.205842,2023-04-07 18:51:39.683698,0 days 00:00:12.477856,0.3741261593997858,0.24119980774244323,0.12144755692725191,0.5768917582818167,274,28,75,4.438323156284138,6.373473920328044,1.677898454197749,COMPLETE
176,176,0.6387468030690537,2023-04-07 18:51:39.684082,2023-04-07 18:51:55.267078,0 days 00:00:15.582996,0.39565832602289974,0.16927698349493178,0.101329563986104,0.6073262245267038,277,27,91,4.800537639943463,6.785063202965789,1.8316894558576209,COMPLETE
177,177,0.6486928104575163,2023-04-07 18:51:55.267465,2023-04-07 18:52:08.325841,0 days 00:00:13.058376,0.39546428318392135,0.18200230297942152,0.11626283564789036,0.6141331344841681,274,27,89,4.901079307794358,6.542363419603925,1.777776196882896,COMPLETE
178,178,0.6145211707871554,2023-04-07 18:52:08.326248,2023-04-07 18:52:23.532605,0 days 00:00:15.206357,0.39013221949769533,0.16745276162094588,0.1009313585078554,0.6134470337292065,269,28,88,4.775222885263903,6.528695948919795,1.7886066176640578,COMPLETE
179,179,0.5803495311167945,2023-04-07 18:52:23.533003,2023-04-07 18:52:36.206637,0 days 00:00:12.673634,0.422817982017601,0.18634649080395074,0.11845717066278909,0.6002472245538127,272,27,82,4.908139327562276,6.764010939069474,1.4717815451416274,COMPLETE
180,180,0.41446433645922137,2023-04-07 18:52:36.207050,2023-04-07 18:52:47.456222,0 days 00:00:11.249172,0.39740090297813,0.1709306574393222,0.1353319238406899,0.6040293585676869,274,25,62,4.00815914939462,6.740639326042666,1.8488261328443834,COMPLETE
181,181,0.6584256891162262,2023-04-07 18:52:47.456615,2023-04-07 18:53:00.848982,0 days 00:00:13.392367,0.36988992952361255,0.21646177421929647,0.1143129440464926,0.56529766527451,276,30,91,4.6140121030141295,6.283278794300939,1.2925560181294404,COMPLETE
182,182,0.6438618925831202,2023-04-07 18:53:00.849386,2023-04-07 18:53:13.792245,0 days 00:00:12.942859,0.3829842734289701,0.21700234405036092,0.11625692183658991,0.5943926412167974,276,30,90,4.59286665615426,6.296049581193824,1.644203652301013,COMPLETE
183,183,0.5122193805058255,2023-04-07 18:53:13.792651,2023-04-07 18:53:28.713648,0 days 00:00:14.920997,0.4411126354390747,0.24988737602411548,0.10098965829262364,0.5806172490278336,275,30,70,4.598415273189012,6.254612813993898,1.145682890769271,COMPLETE
184,184,0.6438618925831202,2023-04-07 18:53:28.714047,2023-04-07 18:53:40.129628,0 days 00:00:11.415581,0.3859248475736036,0.21392031204169737,0.13285172061965453,0.5413234161933493,276,29,90,4.390357071767953,6.9554425099462485,1.5122626846466924,COMPLETE
185,185,0.6439329354930378,2023-04-07 18:53:40.130029,2023-04-07 18:53:51.360760,0 days 00:00:11.230731,0.3895871158241256,0.21712633978388995,0.13344284951693747,0.5605233941449417,276,31,89,4.292153596041884,6.6638681666289505,1.282047281316942,COMPLETE
186,186,0.6194231315714691,2023-04-07 18:53:51.361159,2023-04-07 18:54:02.259047,0 days 00:00:10.897888,0.38727742827039957,0.2283865639356844,0.1371870058401559,0.5907179709495167,275,31,87,4.236657527640219,6.950102018430429,1.3093480985385892,COMPLETE
187,187,0.5902244955953396,2023-04-07 18:54:02.259478,2023-04-07 18:54:15.391059,0 days 00:00:13.131581,0.4649728621531624,0.2113792354857768,0.11593548350145007,0.5637438448790751,276,29,79,4.77135853185658,7.208520164645924,1.5360186369094189,COMPLETE
188,188,0.639030974708724,2023-04-07 18:54:15.391456,2023-04-07 18:54:26.974456,0 days 00:00:11.583000,0.41601348712878905,0.21563610722458953,0.13293662054184582,0.6268048834561084,279,30,89,5.134020814635768,6.707440556265156,1.340732449513701,COMPLETE
189,189,0.5609548167092924,2023-04-07 18:54:26.974908,2023-04-07 18:54:42.595092,0 days 00:00:15.620184,0.41320163393382026,0.2637599121153522,0.10097975068144453,0.6348600457562803,279,30,74,5.053475797225813,6.66359655371146,1.3123327438439951,COMPLETE
190,190,0.6047882921284455,2023-04-07 18:54:42.595495,2023-04-07 18:54:52.640204,0 days 00:00:10.044709,0.4509364688399256,0.23850460668990098,0.14728600879404,0.6025726504975173,271,29,88,5.029528278177477,6.89994664788502,0.8970819025290168,COMPLETE
191,191,0.6584967320261438,2023-04-07 18:54:52.640606,2023-04-07 18:55:04.257358,0 days 00:00:11.616752,0.38908182284756937,0.21286281834858814,0.13001557995689988,0.5765355260316368,277,31,92,4.352004779837438,6.6361025514302145,1.6116238414421593,COMPLETE
192,192,0.6536658141517476,2023-04-07 18:55:04.257760,2023-04-07 18:55:16.923336,0 days 00:00:12.665576,0.40992950116242105,0.22484186110928625,0.1191140670463864,0.6209707187073933,278,32,90,4.467787132790193,6.456035802545114,1.6093639810646114,COMPLETE
193,193,0.5755186132423984,2023-04-07 18:55:16.923735,2023-04-07 18:55:27.931541,0 days 00:00:11.007806,0.5084553379778731,0.21351402605777242,0.1356845701020152,0.6284168015906099,278,33,82,4.564328417965514,6.490171438201902,1.6194285368967496,COMPLETE
194,194,0.6292980960500142,2023-04-07 18:55:27.931972,2023-04-07 18:55:37.743754,0 days 00:00:09.811782,0.4317755806710167,0.1981571947324888,0.15425492170128516,0.5865195861591129,278,32,89,4.352379616378945,6.635040979633325,1.193642602933907,COMPLETE
195,195,0.6729184427394146,2023-04-07 18:55:37.744150,2023-04-07 18:55:50.649514,0 days 00:00:12.905364,0.4037999599275099,0.25239856353890544,0.11888940576546571,0.5496871826582697,279,31,93,4.115557185351589,6.3861911233648465,1.5674278550108645,COMPLETE
196,196,0.5949843705598181,2023-04-07 18:55:50.649906,2023-04-07 18:56:03.021315,0 days 00:00:12.371409,0.4208850692785006,0.2555203936188346,0.12396548066204668,0.5463318439914403,280,31,83,4.023115142105966,6.430735558372596,1.3970639876838784,COMPLETE
197,197,0.639030974708724,2023-04-07 18:56:03.021731,2023-04-07 18:56:12.269208,0 days 00:00:09.247477,0.4678576283699879,0.22708901073405413,0.16439480488874822,0.5579167513915659,279,30,92,4.1457575234020165,7.139459886634315,1.609854227835279,COMPLETE
198,198,0.5463910201761865,2023-04-07 18:56:12.269630,2023-04-07 18:56:21.591947,0 days 00:00:09.322317,0.46366973916650167,0.22511991529915387,0.16164764015298264,0.5556059463183849,280,33,75,4.168088555911881,6.955336764899442,1.6722182723729773,COMPLETE
199,199,0.6341290139244103,2023-04-07 18:56:21.592365,2023-04-07 18:56:32.592642,0 days 00:00:11.000277,0.43377254712639773,0.2877933211448753,0.1389907063742172,0.626707193151444,279,31,91,4.584452401181586,7.22274951143656,1.4642519378925412,COMPLETE
