,number,value,datetime_start,datetime_complete,duration,params_alpha,params_beta,params_bpm_step,params_gamma,params_gaussian_prior_mu,params_gaussian_prior_sigma,params_max_bpm,params_min_bpm,params_smooth_bpm_window,params_smooth_time_window,state
0,0,0.302358624609264,2023-04-07 17:56:58.994206,2023-04-07 17:57:02.865674,0 days 00:00:03.871468,0.6527118014712494,0.10666784378396454,0.3611478876472236,0.6375385032200112,160,64.68549611299545,273,27,2.294225300179335,5.926909167238418,COMPLETE
1,1,0.22925547030406365,2023-04-07 17:57:02.866021,2023-04-07 17:57:05.744068,0 days 00:00:02.878047,0.6247818996900774,0.003652551363593992,0.4700815972785528,0.23827010127286652,68,617.8371259620702,254,34,4.937039290201705,9.488464726653403,COMPLETE
2,2,0.4241261722080137,2023-04-07 17:57:05.744437,2023-04-07 17:57:08.096995,0 days 00:00:02.352558,0.6140491452829395,0.1981456300271608,0.5897097826717662,0.017687320550754615,121,231.6579764383007,259,45,4.782234551528365,7.028088853690053,COMPLETE
3,3,0.258667235009946,2023-04-07 17:57:08.097344,2023-04-07 17:57:14.353809,0 days 00:00:06.256465,0.9535506952343707,0.6354984196044806,0.23391876328149194,0.7228366073292639,192,418.9833797444643,250,10,7.522585266733918,4.196159332236419,COMPLETE
4,4,0.20488775220233021,2023-04-07 17:57:14.354161,2023-04-07 17:57:16.237880,0 days 00:00:01.883719,0.36236756230020195,0.12578449695728633,0.8893732910222875,0.2953073259909199,140,26.65612335220238,286,35,8.171811807649323,3.500412404202444,COMPLETE
5,5,0.33631713554987214,2023-04-07 17:57:16.238227,2023-04-07 17:57:19.044358,0 days 00:00:02.806131,0.3584962562108457,0.7361213088137899,0.5427616037016773,0.1836012189882349,64,288.03060961809047,280,31,5.665055171885662,3.5817258043996,COMPLETE
6,6,0.1852799090650753,2023-04-07 17:57:19.044711,2023-04-07 17:57:21.152061,0 days 00:00:02.107350,0.35263555260822443,0.2380372319956212,0.8731519103543722,0.7124616506563606,176,521.158695590728,289,10,3.830755314870944,4.657278419182053,COMPLETE
7,7,0.62411196362603,2023-04-07 17:57:21.152420,2023-04-07 17:57:24.383785,0 days 00:00:03.231365,0.1178246256397607,0.963749110773536,0.4318922859871498,0.5224292810945815,110,190.6341490314706,256,35,9.727820638123866,1.5753690213593239,COMPLETE
8,8,0.5414180164819551,2023-04-07 17:57:24.384134,2023-04-07 17:57:27.371915,0 days 00:00:02.987781,0.7407195088762787,0.11413671770768263,0.5475536818117296,0.9579137002547434,137,625.8247052802993,292,18,1.4903651815398238,0.639282199963189,COMPLETE
9,9,0.3608269394714408,2023-04-07 17:57:27.372273,2023-04-07 17:57:31.074530,0 days 00:00:03.702257,0.8592532580242558,0.15911065475883368,0.3254110302390348,0.9131462015198921,151,430.3249736027045,245,45,6.300825049338805,7.652572205451674,COMPLETE
10,10,0.1366865586814436,2023-04-07 17:57:31.074883,2023-04-07 17:57:40.861835,0 days 00:00:09.786952,0.05283488056598962,0.9790431867642555,0.1557092799461663,0.468312457790332,226,914.0614967041206,264,23,9.852557206767198,0.6993583778673412,COMPLETE
11,11,0.4532537652742257,2023-04-07 17:57:40.862213,2023-04-07 17:57:43.587894,0 days 00:00:02.725681,0.0964732847218126,0.38399984754646865,0.6245869625220901,0.9499199786974493,104,700.0590962641124,298,19,0.6074021144579163,0.8756847750820917,COMPLETE
12,12,0.521668087524865,2023-04-07 17:57:43.588254,2023-04-07 17:57:45.750506,0 days 00:00:02.162252,0.7733999525891277,0.3945945881431399,0.6959172993786973,0.9864866038705145,103,709.8550914146672,270,40,2.9986398502760387,1.9786199680638064,COMPLETE
13,13,0.6241830065359477,2023-04-07 17:57:45.750865,2023-04-07 17:57:48.930769,0 days 00:00:03.179904,0.11578640718470645,0.9936192332349868,0.443161234043419,0.5059794340154047,91,238.08424675503989,240,18,9.709291562168463,2.4343256333276964,COMPLETE
14,14,0.551150895140665,2023-04-07 17:57:48.931146,2023-04-07 17:57:52.062602,0 days 00:00:03.131456,0.1765123506889187,0.9864131156758141,0.41855196244719395,0.45987452870107415,88,193.34210627913706,240,39,9.99448138334118,2.8070506760216234,COMPLETE
15,15,0.3511651037226485,2023-04-07 17:57:52.062963,2023-04-07 17:57:56.606657,0 days 00:00:04.543694,0.017658953561172655,0.840751355218263,0.2960130609402363,0.5226952348696658,52,128.81512102923256,240,26,8.7421415717617,1.8833086697004222,COMPLETE
16,16,0.5656436487638533,2023-04-07 17:57:56.607018,2023-04-07 17:57:59.821256,0 days 00:00:03.214238,0.2106288860730994,0.846444705436264,0.4461361295300779,0.40463478124344326,86,261.12496750749415,252,16,6.928598586047758,2.5473701016501824,COMPLETE
17,17,0.3854788292128446,2023-04-07 17:57:59.821619,2023-04-07 17:58:08.806832,0 days 00:00:08.985213,0.0012333905133091738,0.6128116634702311,0.14928676446615619,0.6140829456686615,112,21.395302256704326,261,50,8.806812786355701,1.795366016665509,COMPLETE
18,18,0.5899403239556692,2023-04-07 17:58:08.807224,2023-04-07 17:58:14.141959,0 days 00:00:05.334735,0.2318238656627531,0.8814546333117583,0.25810103941575785,0.35341800294827885,83,337.95368683555836,247,23,7.578246220821228,3.140463745420536,COMPLETE
19,19,0.02443876101165104,2023-04-07 17:58:14.142318,2023-04-07 17:58:18.089274,0 days 00:00:03.946956,0.49542272990396674,0.9910402721580606,0.37587278337993907,0.565907750908207,239,159.33132554699512,256,14,8.773449619333674,4.797728669155439,COMPLETE
20,20,0.5655726058539358,2023-04-07 17:58:18.089635,2023-04-07 17:58:20.256438,0 days 00:00:02.166803,0.17175351582321086,0.75308948807917,0.7189429331603642,0.38450708759905877,125,336.8990257618504,265,29,9.967568817098284,1.5140977063000727,COMPLETE
21,21,0.609548167092924,2023-04-07 17:58:20.256800,2023-04-07 17:58:25.526581,0 days 00:00:05.269781,0.12246625645546962,0.8774814017793742,0.26456240009137255,0.3422787092483091,84,340.28949758362467,249,22,7.679382024892732,2.8692567651409915,COMPLETE
22,22,0.5900824097755044,2023-04-07 17:58:25.526940,2023-04-07 17:58:28.563856,0 days 00:00:03.036916,0.08470842826736193,0.8863186545587819,0.4638166290989496,0.5066918852612803,92,143.77712458817655,245,22,9.142387227579581,2.567964198296022,COMPLETE
23,23,0.49744245524296676,2023-04-07 17:58:28.564213,2023-04-07 17:58:35.412118,0 days 00:00:06.847905,0.1265385711158431,0.9120185294895544,0.21296952334858552,0.42598593208002844,70,271.8563141069668,249,14,7.851353751626281,3.787817324873653,COMPLETE
24,24,0.6387468030690536,2023-04-07 17:58:35.412488,2023-04-07 17:58:48.151668,0 days 00:00:12.739180,0.26059764173605277,0.7963671765964524,0.10520875056332293,0.3078732280810007,123,187.56777876267597,240,33,9.327992771686583,2.439967244193907,COMPLETE
25,25,0.643719806763285,2023-04-07 17:58:48.152041,2023-04-07 17:59:01.276809,0 days 00:00:13.124768,0.268761197256402,0.7742497398221292,0.10162440112837648,0.27454375730155106,119,93.55891057084546,240,34,9.058975432504212,1.3974614948850008,COMPLETE
26,26,0.34647627166808753,2023-04-07 17:59:01.277173,2023-04-07 17:59:12.734274,0 days 00:00:11.457101,0.28137833454854344,0.7760527348357296,0.11717318820146393,0.16776915372705536,171,102.0185227954766,240,32,9.074899642305292,1.1621134465940075,COMPLETE
27,27,0.2728047740835465,2023-04-07 17:59:12.734655,2023-04-07 17:59:24.443910,0 days 00:00:11.709255,0.29269694179531924,0.7830853606044682,0.11182514247567947,0.28558867855287656,133,11.626053042305202,244,41,8.294131441034313,2.304507712064892,COMPLETE
28,28,0.6192100028417165,2023-04-07 17:59:24.444268,2023-04-07 17:59:30.761218,0 days 00:00:06.316950,0.47228567697438434,0.6715687746627932,0.19924928921683033,0.15882033142271026,121,141.22258984201954,243,37,6.777002560935738,1.2686920519956406,COMPLETE
29,29,0.3657289002557545,2023-04-07 17:59:30.761574,2023-04-07 17:59:35.205092,0 days 00:00:04.443518,0.4193549782918061,0.557731482931364,0.3453671731968401,0.33616178887324366,155,75.82995304653994,275,28,9.321897185805566,5.501685040091976,COMPLETE
30,30,0.06351236146632566,2023-04-07 17:59:35.205449,2023-04-07 17:59:49.643320,0 days 00:00:14.437871,0.25912264284135156,0.6683792625674588,0.10164762027620407,0.4227335415427265,199,51.79620394987165,252,25,8.46103198530816,2.176500237900532,COMPLETE
31,31,0.6485507246376812,2023-04-07 17:59:49.643701,2023-04-07 17:59:56.919576,0 days 00:00:07.275875,0.1635240355049398,0.9479675747659362,0.1932237072439851,0.5385907520615559,105,174.66448003169876,257,35,9.539630026705991,1.550418732944045,COMPLETE
32,32,0.6776783177038931,2023-04-07 17:59:56.919949,2023-04-07 18:00:04.886253,0 days 00:00:07.966304,0.19137010282753297,0.8096015118715034,0.1696909290601729,0.5905014615861717,106,98.28803250748258,243,32,9.304259154449896,0.502278326045579,COMPLETE
33,33,0.6339869281045752,2023-04-07 18:00:04.886627,2023-04-07 18:00:12.427869,0 days 00:00:07.541242,0.20550655904811882,0.8029550976400672,0.18792501734145217,0.2348908839138266,121,101.82357326171662,259,33,9.284055347946753,0.7433882509788187,COMPLETE
34,34,0.6388888888888888,2023-04-07 18:00:12.428233,2023-04-07 18:00:19.322737,0 days 00:00:06.894504,0.29849736572386487,0.7143631645951483,0.2028471070745934,0.5893715018819282,101,200.52541923750726,254,30,8.314808832747257,1.2998330749964577,COMPLETE
35,35,0.658283603296391,2023-04-07 18:00:19.323101,2023-04-07 18:00:26.737629,0 days 00:00:07.414528,0.2928075527779681,0.718743247424939,0.18232871558442776,0.6412540121232467,103,83.54177937891876,253,37,8.38003145944515,1.2883270771177007,COMPLETE
36,36,0.45822676896845693,2023-04-07 18:00:26.738013,2023-04-07 18:00:31.563558,0 days 00:00:04.825545,0.417290436269506,0.722932046243732,0.26453213749716975,0.6545107942082495,75,81.13772745898045,248,43,8.488888649379808,0.5282055923107979,COMPLETE
37,37,0.1707161125319693,2023-04-07 18:00:31.563918,2023-04-07 18:00:39.863121,0 days 00:00:08.299203,0.5674169802034204,0.8095463392090299,0.17259636808354642,0.6703708815519052,141,10.973690891174328,264,35,7.89639005936442,1.1886768032321195,COMPLETE
38,38,0.30726058539357776,2023-04-07 18:00:39.863501,2023-04-07 18:00:45.498763,0 days 00:00:05.635262,0.15995877148631815,0.9281521330688909,0.24107969051596417,0.7648514044837635,54,85.10022218754797,256,38,8.05346146526611,1.9050828239769828,COMPLETE
39,39,0.35144927536231885,2023-04-07 18:00:45.499115,2023-04-07 18:00:54.144470,0 days 00:00:08.645355,0.32381791394566395,0.9329038412426691,0.1534286554828432,0.5741343618636805,165,54.57605766645317,252,37,7.12507307564268,3.338254364622898,COMPLETE
40,40,0.6337027564649048,2023-04-07 18:00:54.144843,2023-04-07 18:00:58.663950,0 days 00:00:04.519107,0.22503492300280373,0.7131917872028917,0.292762126209002,0.7132042479404748,112,133.4958440213178,261,46,7.391601637496032,1.4849555917861101,COMPLETE
41,41,0.6241119636260302,2023-04-07 18:00:58.664320,2023-04-07 18:01:05.449672,0 days 00:00:06.785352,0.3097036016338532,0.8309102801585422,0.20582332609978865,0.5959237275793994,99,214.68843375479827,253,30,8.491432340384224,1.173116975283199,COMPLETE
42,42,0.6436487638533674,2023-04-07 18:01:05.450040,2023-04-07 18:01:11.423038,0 days 00:00:05.972998,0.3561172554105738,0.7221640536446385,0.22401993622446043,0.5718078186930347,99,178.1861622076231,246,35,9.463846262471,0.956746583639039,COMPLETE
43,43,0.5755186132423984,2023-04-07 18:01:11.423413,2023-04-07 18:01:20.182817,0 days 00:00:08.759404,0.4071205844520911,0.6140692136831625,0.15168814362796146,0.5399379912776134,77,157.4325793999763,246,35,9.475632624266602,0.5358623164307272,COMPLETE
44,44,0.20957658425689116,2023-04-07 18:01:20.183189,2023-04-07 18:01:25.499846,0 days 00:00:05.316657,0.35479848814780285,0.7676417380895014,0.24023447264857797,0.462307530605753,130,3.822374798304878,244,42,8.972274743451633,0.9857920477917762,COMPLETE
45,45,0.6238988348962774,2023-04-07 18:01:25.500223,2023-04-07 18:01:29.863455,0 days 00:00:04.363232,0.23515010938409853,0.853406310165767,0.30331732353499696,0.6247950134833635,112,222.00340810894872,243,36,9.442859274885656,1.859770433907069,COMPLETE
46,46,0.5024865018471156,2023-04-07 18:01:29.863821,2023-04-07 18:01:38.183930,0 days 00:00:08.320109,0.16968370006467332,0.9448254574101413,0.1650634769645837,0.5570411398480557,143,50.88790865631882,249,31,9.529079959004308,1.571268444836051,COMPLETE
47,47,0.551150895140665,2023-04-07 18:01:38.184287,2023-04-07 18:01:42.360285,0 days 00:00:04.175998,0.34086594178875435,0.898400704773042,0.36788531256533746,0.6651393827601251,65,275.3652153000171,282,39,9.943266519472019,0.9686004458693065,COMPLETE
48,48,0.6531685137823245,2023-04-07 18:01:42.360666,2023-04-07 18:01:49.119146,0 days 00:00:06.758480,0.3693151193692086,0.7448196745630153,0.21695104459116507,0.4732683210636494,99,116.44373011074856,268,33,8.864086316692978,0.6230558224061558,COMPLETE
49,49,0.6729184427394146,2023-04-07 18:01:49.119522,2023-04-07 18:01:59.832872,0 days 00:00:10.713350,0.2613422702389781,0.839642875808204,0.13756570649440886,0.4858226992129598,108,108.53463671715582,268,33,8.743661717159746,0.6367249489934704,COMPLETE
50,50,0.6094771241830065,2023-04-07 18:01:59.833235,2023-04-07 18:02:04.423090,0 days 00:00:04.589855,0.05793803729592528,0.8401972886463132,0.32623089826528473,0.48697192252345606,94,108.45171726858906,271,27,8.112173872641138,0.5676517468821104,COMPLETE
51,51,0.6633276499005399,2023-04-07 18:02:04.423453,2023-04-07 18:02:15.897244,0 days 00:00:11.473791,0.255513003928289,0.7595775244083011,0.13431894269649508,0.4594764007983292,108,55.59432481330527,274,33,8.776593477668644,1.5524871158252438,COMPLETE
52,52,0.6680875248650184,2023-04-07 18:02:15.897615,2023-04-07 18:02:26.479976,0 days 00:00:10.582361,0.20462597104086516,0.9496647428769022,0.14289367447810739,0.5256136139744694,108,120.60153387106081,275,32,8.661620567198684,2.05546489018141,COMPLETE
53,53,0.6291560102301791,2023-04-07 18:02:26.480345,2023-04-07 18:02:37.977006,0 days 00:00:11.496661,0.2074061075240515,0.6756531233999935,0.13615178855883073,0.46333611127866875,112,48.02584825896401,276,32,8.823331706288869,2.0343029105544024,COMPLETE
54,54,0.5949843705598181,2023-04-07 18:02:37.977373,2023-04-07 18:02:48.461998,0 days 00:00:10.484625,0.32029986360984963,0.8714473033858577,0.14824738905392165,0.5219836487711431,79,124.84764684399512,279,32,8.63787199786577,0.8236299828551792,COMPLETE
55,55,0.5608837737993748,2023-04-07 18:02:48.462373,2023-04-07 18:02:54.606693,0 days 00:00:06.144320,0.39323568141447973,0.7457594188693617,0.23930826717009424,0.4958074079230774,94,43.60412597493048,267,29,8.035124493710933,0.5355409335881803,COMPLETE
56,56,0.6094771241830065,2023-04-07 18:02:54.607062,2023-04-07 18:03:03.739046,0 days 00:00:09.131984,0.2304544089471018,0.8140624038326704,0.16498378287645882,0.4460036044892936,131,245.6032366874646,272,25,7.389424270129327,1.6669387766893382,COMPLETE
57,57,0.024438761011651034,2023-04-07 18:03:03.739446,2023-04-07 18:03:14.679863,0 days 00:00:10.940417,0.2711838595097465,0.8575413733423678,0.13692977450974372,0.3929369642489102,146,1.1902340582532673,268,33,8.73920989124316,2.0861831556101706,COMPLETE
58,58,0.6435777209434499,2023-04-07 18:03:14.680373,2023-04-07 18:03:23.296081,0 days 00:00:08.615708,0.31621750135958526,0.9103852252687065,0.1760546625029736,0.6232180573557509,105,130.74349422320023,282,37,7.719832555748297,2.887748249052442,COMPLETE
59,59,0.3218243819266837,2023-04-07 18:03:23.296460,2023-04-07 18:03:29.050440,0 days 00:00:05.753980,0.1863333985284546,0.8216591537337503,0.26503804968930766,0.5051630833554631,60,72.5466932528523,274,31,9.05892623916447,0.9444153356962071,COMPLETE
60,60,0.5948422847399829,2023-04-07 18:03:29.050815,2023-04-07 18:03:35.891009,0 days 00:00:06.840194,0.14692290149342102,0.9760090041145627,0.2264579152625143,0.43647113050884323,87,167.4421617698204,277,28,8.256309387687217,1.7246050183380093,COMPLETE
61,61,0.6680164819551009,2023-04-07 18:03:35.891377,2023-04-07 18:03:43.813281,0 days 00:00:07.921904,0.14984180006904133,0.955604023925956,0.18757234333891615,0.5441892527475454,106,170.2299636522359,268,34,9.704266715245634,1.3550476733612333,COMPLETE
62,62,0.6631855640807047,2023-04-07 18:03:43.813648,2023-04-07 18:03:54.978175,0 days 00:00:11.164527,0.09653166402801493,0.9072110542105287,0.13565267323950847,0.540958674314955,116,100.31647966296913,268,34,9.716678366339996,1.2684754430790042,COMPLETE
63,63,0.6095481670929241,2023-04-07 18:03:54.978549,2023-04-07 18:04:02.565050,0 days 00:00:07.586501,0.09813147078292325,0.957951567422421,0.1884625412887779,0.5325344422678587,115,41.89859361843298,266,39,9.773898563900403,2.2799449248565806,COMPLETE
64,64,0.6679454390451833,2023-04-07 18:04:02.565438,2023-04-07 18:04:14.505278,0 days 00:00:11.939840,0.1381019326806956,0.8982752746754418,0.13020277013454204,0.5598874707589168,106,211.5493483623714,273,34,9.795603204248382,1.3010075196900743,COMPLETE
65,65,0.6241830065359477,2023-04-07 18:04:14.505658,2023-04-07 18:04:26.223139,0 days 00:00:11.717481,0.13437269219540676,0.9016057418840864,0.13018503919146385,0.5525714293713293,125,212.82515435166792,270,34,9.83984475383772,2.6392532582802053,COMPLETE
66,66,0.6096192100028417,2023-04-07 18:04:26.223526,2023-04-07 18:04:39.654898,0 days 00:00:13.431372,0.0718594086165314,0.9634608424922364,0.12208084637581532,0.512362415628687,136,154.44403201031503,286,31,9.991905249939862,1.7735909514608332,COMPLETE
67,67,0.6388178459789714,2023-04-07 18:04:39.655271,2023-04-07 18:04:55.786484,0 days 00:00:16.131213,0.03422370294848906,0.8821954614767057,0.10538456120371777,0.4099982227107303,117,192.90957312038233,296,34,9.65614963387286,1.015287106927083,COMPLETE
68,68,0.6631145211707872,2023-04-07 18:04:55.786903,2023-04-07 18:05:06.641148,0 days 00:00:10.854245,0.09133092469043802,0.9167978779523016,0.14452474018908135,0.5985587282556518,109,240.26075390115517,278,29,9.227598812994305,1.3769574079721008,COMPLETE
69,69,0.6485507246376812,2023-04-07 18:05:06.641527,2023-04-07 18:05:18.726757,0 days 00:00:12.085230,0.12498612086051669,0.9910828660131945,0.12533255716051797,0.478984227065981,91,312.5667255711782,273,36,9.139598973001439,2.1413911675406316,COMPLETE
70,70,0.6291560102301791,2023-04-07 18:05:18.727158,2023-04-07 18:05:27.474166,0 days 00:00:08.747008,0.03291424229910965,0.8740363476331193,0.17048546154982983,0.5680237832246106,126,100.85129445296019,263,27,9.693974704877816,0.9081925186507063,COMPLETE
71,71,0.6533816425120773,2023-04-07 18:05:27.474553,2023-04-07 18:05:38.217971,0 days 00:00:10.743418,0.09326555801138055,0.9285717058263654,0.1468892824169681,0.5960428113678657,108,247.86433284001265,279,29,9.242120086850436,1.574469056036963,COMPLETE
72,72,0.6680875248650184,2023-04-07 18:05:38.218351,2023-04-07 18:05:53.182943,0 days 00:00:14.964592,0.10255454035542937,0.9125695005904073,0.10203125513451627,0.5298041551595309,107,154.14521659775775,270,32,8.682240086661617,1.3503219796600168,COMPLETE
73,73,0.6438618925831202,2023-04-07 18:05:53.183320,2023-04-07 18:06:07.475172,0 days 00:00:14.291852,0.1899882136264257,0.9520499497814567,0.10676779044407578,0.5246569104295075,97,140.53185090138075,270,32,8.640836892812164,1.2112381463798387,COMPLETE
74,74,0.21469167377095766,2023-04-07 18:06:07.475557,2023-04-07 18:06:15.203237,0 days 00:00:07.727680,0.14336055401859765,0.8543387295562284,0.19488674100357709,0.49204709200787394,193,178.30229624623297,275,36,8.967725721246069,0.7853613729856326,COMPLETE
75,75,0.6777493606138107,2023-04-07 18:06:15.203624,2023-04-07 18:06:30.758439,0 days 00:00:15.554815,0.11014623629540152,0.8990330401632896,0.10066749379063993,0.44243245994889907,117,75.36179291361368,273,31,9.622427288068371,1.4335262958807446,COMPLETE
76,76,0.33653026427962485,2023-04-07 18:06:30.758824,2023-04-07 18:06:45.866325,0 days 00:00:15.107501,0.0002644973798655026,0.7877130647621844,0.1061348471979718,0.4411089093311627,83,26.817528006139298,282,31,8.686258434722127,2.3945439960134856,COMPLETE
77,77,0.6777493606138107,2023-04-07 18:06:45.866716,2023-04-07 18:06:55.289741,0 days 00:00:09.423025,0.18253846759017978,0.9878454016307138,0.16203927072774998,0.39181817566656296,105,65.92476286170405,273,30,9.494808772193844,1.9035740157143666,COMPLETE
78,78,0.6386757601591361,2023-04-07 18:06:55.290108,2023-04-07 18:07:03.988986,0 days 00:00:08.698878,0.18307198093523552,0.9736751302202695,0.17783824507974938,0.38663529226137633,120,73.90407629383638,272,26,9.37679887172154,1.820464264662963,COMPLETE
79,79,0.6143790849673202,2023-04-07 18:07:03.989346,2023-04-07 18:07:10.843305,0 days 00:00:06.853959,0.06648510227195871,0.937692134864244,0.21633899385435626,0.4224893496619554,128,152.6254152152515,262,30,9.549385906474559,2.068318482104862,COMPLETE
80,80,0.6486217675475987,2023-04-07 18:07:10.843670,2023-04-07 18:07:20.408506,0 days 00:00:09.564836,0.15528043670858782,0.997938474707359,0.1685390679949276,0.5029325168102868,89,115.1948733730031,286,28,9.118919927767099,1.0962935255131385,COMPLETE
81,81,0.3901676612674055,2023-04-07 18:07:20.408874,2023-04-07 18:07:32.243118,0 days 00:00:11.834244,0.23977691779934224,0.8870039793476037,0.1316127192740563,0.44685086909689625,104,28.23604515449513,274,33,8.967067526922463,1.6395178341654677,COMPLETE
82,82,0.6435777209434499,2023-04-07 18:07:32.243484,2023-04-07 18:07:39.607589,0 days 00:00:07.364105,0.19202683212481825,0.8238455467067374,0.2026616043474473,0.36072546785849613,109,66.93664327316824,270,32,8.47071914151363,1.415809976905943,COMPLETE
83,83,0.6732026143790849,2023-04-07 18:07:39.607972,2023-04-07 18:07:55.508365,0 days 00:00:15.900393,0.1205780435762446,0.9251755989301648,0.1001577995374919,0.4712603136364304,96,75.69317620947261,276,30,9.980604790299882,0.7978169886497557,COMPLETE
84,84,0.5997442455242966,2023-04-07 18:07:55.508744,2023-04-07 18:08:05.381889,0 days 00:00:09.873145,0.10871370611739159,0.962529724304302,0.15796142844456695,0.4110484620992576,72,193.72826156640792,277,30,9.71801300353669,0.8489657188741548,COMPLETE
85,85,0.6631855640807047,2023-04-07 18:08:05.382276,2023-04-07 18:08:18.967177,0 days 00:00:13.584901,0.11544570025292088,0.9309309923763747,0.11961419414312047,0.5593305127173872,95,127.01327180205905,284,31,9.369771813805508,0.7435045710055528,COMPLETE
86,86,0.6291560102301791,2023-04-07 18:08:18.967554,2023-04-07 18:08:33.958690,0 days 00:00:14.991136,0.15795694449776426,0.9959834532493586,0.10612127393308103,0.47442618682291254,81,160.4963237689641,272,26,9.868520056152525,1.1119761775005514,COMPLETE
87,87,0.6826513213981245,2023-04-07 18:08:33.959072,2023-04-07 18:08:50.344039,0 days 00:00:16.384967,0.0508027235616834,0.9011240968619935,0.10033161029380093,0.5244100120857661,116,92.75626590058425,281,29,9.955358425944578,0.6852164388020721,COMPLETE
88,88,0.6680164819551009,2023-04-07 18:08:50.344420,2023-04-07 18:08:58.873494,0 days 00:00:08.529074,0.05611457492961645,0.8644441104104928,0.18979978303747325,0.3680469406644495,115,90.67017000880556,289,29,9.522630320232446,0.7122038167866509,COMPLETE
89,89,0.41439329354930377,2023-04-07 18:08:58.873890,2023-04-07 18:09:09.282439,0 days 00:00:10.408549,0.0815331871472056,0.9458154752304427,0.1556250029342737,0.5192552598439466,138,28.294767050577704,281,23,9.95197443948127,0.5201561320524261,COMPLETE
90,90,0.6633986928104575,2023-04-07 18:09:09.282835,2023-04-07 18:09:24.282626,0 days 00:00:14.999791,0.2188530890770505,0.9183017527698852,0.1029126277014484,0.493639079983486,101,73.82945956287293,265,27,9.264906155966518,1.0762081780871162,COMPLETE
91,91,0.6533105996021596,2023-04-07 18:09:24.282997,2023-04-07 18:09:33.117400,0 days 00:00:08.834403,0.03855693498893051,0.8593476426355292,0.18902555314535005,0.38256628548798305,116,95.21281321002884,297,28,9.510507294760213,0.7208528401516258,COMPLETE
92,92,0.6339158851946576,2023-04-07 18:09:33.117772,2023-04-07 18:09:43.881956,0 days 00:00:10.764184,0.07529225701475585,0.8383555281417777,0.15272977691201833,0.3622386106344668,122,119.05338877355501,294,30,9.454438516378897,0.7740828544289874,COMPLETE
93,93,0.05861040068201193,2023-04-07 18:09:43.882342,2023-04-07 18:09:51.775677,0 days 00:00:07.893335,0.04942946327988462,0.8783369237976008,0.20841663831263588,0.42104363093675257,214,85.31388933916853,288,29,9.573187425702535,1.3992530734594926,COMPLETE
94,94,0.6485507246376812,2023-04-07 18:09:51.776074,2023-04-07 18:10:00.301684,0 days 00:00:08.525610,0.016308934501086975,0.967548997126126,0.1806357004162909,0.46897412958078666,114,146.41733941273904,276,32,9.003308155880307,1.0531261180010785,COMPLETE
95,95,0.5998152884342143,2023-04-07 18:10:00.302067,2023-04-07 18:10:14.517407,0 days 00:00:14.215340,0.1248152376017991,0.7963070438195204,0.11893804533748017,0.45096121231432007,133,55.65972373187021,293,30,9.266799622998205,0.5392993880769068,COMPLETE
96,96,0.648408638817846,2023-04-07 18:10:14.517792,2023-04-07 18:10:20.823959,0 days 00:00:06.306167,0.17141866379612153,0.9391472076263463,0.2508884712417291,0.5824431701417487,101,106.45569448888952,280,26,9.653208438753854,1.9127981120717705,COMPLETE
97,97,0.5510798522307474,2023-04-07 18:10:20.824331,2023-04-07 18:10:27.714735,0 days 00:00:06.890404,0.11954491963014091,0.8981756865936202,0.23393087810501173,0.540592275549325,119,32.32999738735626,284,25,8.227298257478322,0.7787106431885726,COMPLETE
98,98,0.6436487638533674,2023-04-07 18:10:27.715116,2023-04-07 18:10:37.541949,0 days 00:00:09.826833,0.057590983843660785,0.8675765438922253,0.15135478551975623,0.33515013794836723,96,175.2359437843428,269,31,8.882869971386395,1.345794977572184,COMPLETE
99,99,0.6486217675475987,2023-04-07 18:10:37.542333,2023-04-07 18:10:47.160059,0 days 00:00:09.617726,0.19579961741419316,0.9160309627399059,0.1701427938227959,0.6143661923731335,91,84.8195402059597,290,28,9.982386108605054,1.5727700219776755,COMPLETE
100,100,0.09761295822676896,2023-04-07 18:10:47.160457,2023-04-07 18:10:54.255104,0 days 00:00:07.094647,0.10185647320114392,0.9791924497798081,0.21288031140338032,0.3996539245980507,86,3.5423813722549937,276,35,8.510892613306487,0.9574138977968412,COMPLETE
101,101,0.672847399829497,2023-04-07 18:10:54.255495,2023-04-07 18:11:07.155103,0 days 00:00:12.899608,0.13136378528095852,0.9042362135589757,0.13303148313019592,0.5467126216811282,105,134.0816834818492,300,34,9.762555198759728,1.1706850937889668,COMPLETE
102,102,0.6777493606138107,2023-04-07 18:11:07.155486,2023-04-07 18:11:19.365365,0 days 00:00:12.209879,0.16465158641982924,0.8431363695195823,0.12305136115626175,0.5243391516458079,105,126.38064098558516,266,33,9.161722774319532,1.1917253405003265,COMPLETE
103,103,0.6680875248650184,2023-04-07 18:11:19.365764,2023-04-07 18:11:31.687423,0 days 00:00:12.321659,0.1523131360338622,0.8356792743358569,0.11846927499946101,0.5179589961871028,104,134.68098304094846,259,33,9.097757024720426,1.7649204594799484,COMPLETE
104,104,0.6826513213981245,2023-04-07 18:11:31.687811,2023-04-07 18:11:43.595529,0 days 00:00:11.907718,0.2105984255299627,0.836989641141042,0.12395345639603544,0.5123674909854259,102,124.87181047236848,260,33,9.085064406983632,1.782498766480761,COMPLETE
105,105,0.6437908496732025,2023-04-07 18:11:43.595919,2023-04-07 18:11:58.338970,0 days 00:00:14.743051,0.20682286602837352,0.807053043231943,0.10206454030137216,0.4935900366519055,112,61.56799903180118,265,32,9.288770788008053,1.9733198660480733,COMPLETE
106,106,0.6533816425120773,2023-04-07 18:11:58.339359,2023-04-07 18:12:10.299487,0 days 00:00:11.960128,0.2515255355004829,0.845581947203205,0.13922620539077823,0.5791649866795344,98,129.03035717023877,299,33,8.840815145429294,1.1250662958016762,COMPLETE
107,107,0.6486217675475987,2023-04-07 18:12:10.299880,2023-04-07 18:12:23.052317,0 days 00:00:12.752437,0.21710280092602485,0.9004819185196753,0.11909891825719561,0.4834097184788242,93,116.75563532732325,271,36,8.560786240468126,2.2885084622313423,COMPLETE
108,108,0.6582125603864735,2023-04-07 18:12:23.052717,2023-04-07 18:12:33.823212,0 days 00:00:10.770495,0.13229898011904936,0.8188417718024096,0.14126257801771802,0.5255562478029181,110,152.0184100686638,267,31,9.823965505810971,1.4895205097243722,COMPLETE
109,109,0.6194941744813867,2023-04-07 18:12:33.823601,2023-04-07 18:12:42.335162,0 days 00:00:08.511561,0.172827054934937,0.8829860731236642,0.16351171047867336,0.545913295298215,103,46.56936622943539,261,38,8.754142330600084,1.187944287751523,COMPLETE
110,110,0.48294970161977835,2023-04-07 18:12:42.335582,2023-04-07 18:12:54.646623,0 days 00:00:12.311041,0.28567648034139,0.7754105918184211,0.1256628106636433,0.43745076088007684,155,102.98075672128559,273,34,9.377304038820627,0.5027456548339233,COMPLETE
111,111,0.6729184427394146,2023-04-07 18:12:54.647200,2023-04-07 18:13:06.575499,0 days 00:00:11.928299,0.15549820765916453,0.8330400806873605,0.12099854174426306,0.5108585944906314,105,134.4827571276807,257,33,9.048082973323627,1.694721519761928,COMPLETE
112,112,0.6388888888888888,2023-04-07 18:13:06.575898,2023-04-07 18:13:20.881454,0 days 00:00:14.305556,0.17529346020901426,0.9261052230973491,0.10087736481411214,0.5058077897675335,108,64.22409594490094,256,32,9.12420053855362,1.6969244346032293,COMPLETE
113,113,0.6533105996021596,2023-04-07 18:13:20.881840,2023-04-07 18:13:30.709207,0 days 00:00:09.827367,0.21428573261774306,0.8475940787836185,0.142468678226086,0.47283992383941265,99,191.3113223674041,257,35,8.951093886043193,2.179940004570735,COMPLETE
114,114,0.6290849673202614,2023-04-07 18:13:30.709597,2023-04-07 18:13:43.041971,0 days 00:00:12.332374,0.2424721310640234,0.7930714840869354,0.12183369600667344,0.4569963629388468,123,140.16403482460981,266,33,8.337730123880487,1.9720908912609088,COMPLETE
115,115,0.629156010230179,2023-04-07 18:13:43.042358,2023-04-07 18:13:52.062605,0 days 00:00:09.020247,0.20060312428653793,0.8961175621399065,0.16278214430924132,0.5609959227074238,89,110.34768456590197,263,30,9.626372946612092,0.9087992421962285,COMPLETE
116,116,0.6290849673202614,2023-04-07 18:13:52.062985,2023-04-07 18:14:07.348859,0 days 00:00:15.285874,0.10768043237353779,0.8263227504991998,0.10006212636376774,0.5138626051978294,119,167.81461505181446,269,31,9.989370724050397,2.502218869159698,COMPLETE
117,117,0.6535947712418301,2023-04-07 18:14:07.349243,2023-04-07 18:14:18.141645,0 days 00:00:10.792402,0.13830416643591004,0.8715426165894666,0.13436646727835855,0.6046292156218724,96,77.40867530222593,258,35,9.19403769221454,1.4681108372901421,COMPLETE
118,118,0.3805058255186133,2023-04-07 18:14:18.142059,2023-04-07 18:14:27.052468,0 days 00:00:08.910409,0.07689143270658234,0.9184721949030258,0.15522382694337863,0.5846727406216771,112,20.187916860755735,254,34,8.666393242070104,1.2707164574234282,COMPLETE
119,119,0.6387468030690537,2023-04-07 18:14:27.052864,2023-04-07 18:14:35.355995,0 days 00:00:08.303131,0.1697308026338134,0.9753302275661234,0.18253437440604342,0.4848687920747218,106,218.1189179109578,275,32,8.06265969836268,1.666910053180604,COMPLETE
120,120,0.5217391304347826,2023-04-07 18:14:35.356544,2023-04-07 18:14:48.144517,0 days 00:00:12.787973,0.2688471276405617,0.9431866480666374,0.12257231974336687,0.5354245499187067,128,40.12002303707882,271,29,9.470314169899911,2.675585553785937,COMPLETE
121,121,0.6826513213981245,2023-04-07 18:14:48.144917,2023-04-07 18:15:00.390923,0 days 00:00:12.246006,0.14803453388083962,0.8405911848319769,0.12019976914609576,0.5376187807320535,102,127.52090926942834,259,33,9.088503006672475,1.7455854606121972,COMPLETE
122,122,0.658283603296391,2023-04-07 18:15:00.391321,2023-04-07 18:15:09.981631,0 days 00:00:09.590310,0.15506185102877973,0.8062731757099116,0.14082246709504095,0.5317538559735034,101,131.58775297561476,251,36,8.919663198341281,1.8094296760671567,COMPLETE
123,123,0.6631855640807047,2023-04-07 18:15:09.982033,2023-04-07 18:15:18.722655,0 days 00:00:08.740622,0.18695111404755643,0.8549968529175327,0.16489753049035333,0.5613404742677667,107,92.73006096637944,261,33,9.736811506516531,0.929534984233578,COMPLETE
124,124,0.31727763569195794,2023-04-07 18:15:18.723052,2023-04-07 18:15:31.469496,0 days 00:00:12.746444,0.12056912643695825,0.8857650904385079,0.11845271742765154,0.5134479786111663,181,149.23207969682542,263,31,9.282697767755968,2.1742519374329516,COMPLETE
125,125,0.6485507246376812,2023-04-07 18:15:31.469894,2023-04-07 18:15:41.516121,0 days 00:00:10.046227,0.22531385643838975,0.7687903914208604,0.13890394581786683,0.42969239181976293,111,116.28133615136073,255,32,8.363764714573204,1.181671045240167,COMPLETE
126,126,0.6340579710144928,2023-04-07 18:15:41.516516,2023-04-07 18:15:48.668759,0 days 00:00:07.152243,0.14619022790435518,0.830992546917689,0.19796522281036127,0.4622714895427484,93,68.54678694371701,260,34,9.098042831781159,0.6766939829328167,COMPLETE
127,127,0.6729184427394146,2023-04-07 18:15:48.669145,2023-04-07 18:15:57.802020,0 days 00:00:09.132875,0.0895850296176402,0.8998286812127433,0.1704980403458129,0.49851369153305425,103,177.12585192557356,278,30,8.690867014377297,1.4816500451255505,COMPLETE
128,128,0.6680875248650184,2023-04-07 18:15:57.802410,2023-04-07 18:16:06.436210,0 days 00:00:08.633800,0.08357559747120395,0.8611601485910055,0.1793701950400272,0.503516561965269,101,181.9047317758989,278,30,9.41795578649399,1.561021692596565,COMPLETE
129,129,0.6145922136970731,2023-04-07 18:16:06.436601,2023-04-07 18:16:15.876516,0 days 00:00:09.439915,0.19638621318742444,0.9555168267069898,0.1661575132036666,0.5706947357340133,88,92.60610042405233,278,28,9.787183990928812,2.351355566857993,COMPLETE
130,130,0.6388178459789713,2023-04-07 18:16:15.876929,2023-04-07 18:16:25.852077,0 days 00:00:09.975148,0.24018101961451904,0.896622498794584,0.15247306632703353,0.6333250452308544,116,124.33273354701922,274,33,9.558802911536363,1.9755319787900532,COMPLETE
131,131,0.6729184427394146,2023-04-07 18:16:25.852468,2023-04-07 18:16:41.112732,0 days 00:00:15.260264,0.10937512088037105,0.9344537682727806,0.10142689403666064,0.5501470637068315,105,160.84545491931968,272,31,8.564703817904032,1.4145364333912287,COMPLETE
132,132,0.6826513213981245,2023-04-07 18:16:41.113115,2023-04-07 18:16:52.052180,0 days 00:00:10.939065,0.12726593336479708,0.9306159400183444,0.12484244410074984,0.552309534336395,103,202.60800590679284,242,31,8.76939412490589,0.9982039527392578,COMPLETE
133,133,0.6631145211707872,2023-04-07 18:16:52.052591,2023-04-07 18:17:02.773426,0 days 00:00:10.720835,0.11317290218401865,0.9201877637297935,0.13071732442881212,0.5454355362928873,98,201.41362430263632,243,29,8.96069132962558,1.04549672791194,COMPLETE
134,134,0.6874822392725206,2023-04-07 18:17:02.773813,2023-04-07 18:17:13.724464,0 days 00:00:10.950651,0.1345143997467248,0.8814850388502914,0.12268698378946513,0.5988997457337921,103,167.17731855023132,242,30,7.882306539386194,0.796473868269906,COMPLETE
135,135,0.6436487638533674,2023-04-07 18:17:13.724853,2023-04-07 18:17:25.364947,0 days 00:00:11.640094,0.09410900081694099,0.8784036929025402,0.11679469373990227,0.6033891669072138,94,228.18748570164635,241,30,8.494299912268467,0.8464988213339457,COMPLETE
136,136,0.6923131571469167,2023-04-07 18:17:25.365340,2023-04-07 18:17:37.366570,0 days 00:00:12.001230,0.1655031365791798,0.818744793811325,0.11396763522512372,0.6436529422706607,103,168.4441325183904,241,27,7.869485742578531,0.6590094953697105,COMPLETE
137,137,0.5996021597044615,2023-04-07 18:17:37.366986,2023-04-07 18:17:40.006645,0 days 00:00:02.639659,0.16179594247496887,0.7863724353802574,0.5178371004579922,0.6491201356522153,101,173.1676318307097,242,24,7.930308514595841,0.6335083289073177,COMPLETE
138,138,0.6289428815004263,2023-04-07 18:17:40.007030,2023-04-07 18:17:46.079373,0 days 00:00:06.072343,0.13921438849979748,0.8152380970011011,0.22487916529642574,0.5850083745272022,111,262.13563010014667,246,29,8.277496590117924,0.7022438873331698,COMPLETE
139,139,0.6145922136970731,2023-04-07 18:17:46.079759,2023-04-07 18:17:53.798764,0 days 00:00:07.719005,0.06352772130624476,0.8405199044619098,0.17523867338700277,0.6129735189726814,85,197.40089803792392,244,27,7.652327512365713,0.8914801526504184,COMPLETE
140,140,0.5950554134697358,2023-04-07 18:17:53.799182,2023-04-07 18:18:00.673583,0 days 00:00:06.874401,0.1714042247656439,0.8500267137590808,0.1952161983066714,0.6880705808805292,80,212.1781195855964,241,28,7.871118330055071,0.51705063201375,COMPLETE
141,141,0.6875532821824382,2023-04-07 18:18:00.673976,2023-04-07 18:18:13.804788,0 days 00:00:13.130812,0.1047329585973989,0.9354795367931288,0.10465754473900385,0.491629994255942,103,163.87226965040344,242,31,8.872049754717045,1.4177081404814584,COMPLETE
142,142,0.6486928104575164,2023-04-07 18:18:13.805181,2023-04-07 18:18:25.273188,0 days 00:00:11.468007,0.08354284027786626,0.7555126826991081,0.12074899311833309,0.4903907113248816,97,105.60469238384175,242,27,9.157565685705366,0.9606515258675437,COMPLETE
143,143,0.6583546462063086,2023-04-07 18:18:25.273582,2023-04-07 18:18:34.004133,0 days 00:00:08.730551,0.04226117949203687,0.8703542666113708,0.1532495942154301,0.477928079265084,114,151.38469156948923,245,31,8.114356597749438,1.212322186795196,COMPLETE
144,144,0.6679454390451833,2023-04-07 18:18:34.004541,2023-04-07 18:18:45.883245,0 days 00:00:11.878704,0.1341121952919185,0.8033228051337623,0.11819653218447661,0.45293509435112433,103,181.36840049070815,248,30,8.85924904763851,0.7466886817787088,COMPLETE
145,145,0.6486928104575163,2023-04-07 18:18:45.883654,2023-04-07 18:18:59.161273,0 days 00:00:13.277619,0.15604583699943805,0.9987583945228246,0.10073857087944006,0.6237493142088404,91,234.70055022511457,240,32,7.483453116390913,1.0726199176579625,COMPLETE
146,146,0.6338448422847399,2023-04-07 18:18:59.161672,2023-04-07 18:19:02.313646,0 days 00:00:03.151974,0.18883960863912455,0.8894411240169888,0.4105975271672583,0.49882625719755086,118,287.2987114520861,241,30,5.872035080043544,1.7242776530001331,COMPLETE
147,147,0.01946575731741972,2023-04-07 18:19:02.314049,2023-04-07 18:19:11.407961,0 days 00:00:09.093912,0.11645075042112243,0.8299199712904464,0.14868077747249614,0.4332132096518273,245,80.63747213632064,244,31,8.711959118678871,1.5170503606008248,COMPLETE
148,148,0.6484086388178459,2023-04-07 18:19:11.408353,2023-04-07 18:19:21.455472,0 days 00:00:10.047119,0.0669712577157385,0.9692307364065762,0.13487423276944976,0.5681121648747417,98,142.31934957437463,242,33,9.350948926971467,1.3397494934509027,COMPLETE
149,149,0.6292270531400965,2023-04-07 18:19:21.455884,2023-04-07 18:19:33.340173,0 days 00:00:11.884289,0.022868075374239044,0.9134717564058155,0.12021770665467632,0.5885641146335887,103,53.28093374275137,280,48,6.743554218754364,3.0499276236633808,COMPLETE
150,150,0.6533816425120773,2023-04-07 18:19:33.340584,2023-04-07 18:19:41.373798,0 days 00:00:08.033214,0.09646220938293837,0.8691534144724885,0.171512938130583,0.4682570477939828,109,105.88922411130082,247,29,9.133271971492338,0.8414875134524613,COMPLETE
151,151,0.6778204035237284,2023-04-07 18:19:41.374193,2023-04-07 18:19:54.529915,0 days 00:00:13.155722,0.11371795581637924,0.930564081838889,0.10378488658626764,0.521669655673658,105,158.3948559418941,242,31,8.595856288859007,1.4102193926133102,COMPLETE
152,152,0.6729894856493321,2023-04-07 18:19:54.530473,2023-04-07 18:20:08.404950,0 days 00:00:13.874477,0.14374628562999958,0.9480332480108352,0.1001399789666848,0.5151380148285865,109,160.60382722576077,245,30,8.39886820136174,0.5081668967927714,COMPLETE
153,153,0.6680875248650184,2023-04-07 18:20:08.405387,2023-04-07 18:20:21.949694,0 days 00:00:13.544307,0.17635313069868272,0.9390024268880572,0.10199813040157624,0.521638054557027,114,161.51941490343847,243,28,8.372652507180938,0.504613964707,COMPLETE
154,154,0.6583546462063086,2023-04-07 18:20:21.950077,2023-04-07 18:20:32.660075,0 days 00:00:10.709998,0.14711148842492444,0.9842889812905691,0.1270506149647449,0.41046071449694566,109,126.60148304125326,245,31,8.156871289708896,4.032124459292597,COMPLETE
155,155,0.6535947712418301,2023-04-07 18:20:32.660469,2023-04-07 18:20:46.134929,0 days 00:00:13.474460,0.12954087422659924,0.9492454662528034,0.10005295116466424,0.5194977049113751,96,394.18612534663913,240,32,8.937324087504761,0.7447416625973311,COMPLETE
156,156,0.6679454390451832,2023-04-07 18:20:46.135320,2023-04-07 18:20:56.045586,0 days 00:00:09.910266,0.1584528076495547,0.9278019125571547,0.14681826464431624,0.5485669436692395,107,90.23753619643921,244,11,8.51425903455843,1.0152008291659849,COMPLETE
157,157,0.6486217675475987,2023-04-07 18:20:56.045981,2023-04-07 18:21:07.770718,0 days 00:00:11.724737,0.20587967124676007,0.957944753878826,0.11874826384455485,0.4773745387266459,124,195.04754437379881,243,29,9.555821758999823,0.7135715026461591,COMPLETE
158,158,0.6486217675475987,2023-04-07 18:21:07.771166,2023-04-07 18:21:17.351867,0 days 00:00:09.580701,0.18368752989430462,0.8513999420681319,0.1379330072826779,0.6387907137408411,117,140.5815065691587,242,32,7.852747143831178,1.2178945755842614,COMPLETE
159,159,0.6779624893435635,2023-04-07 18:21:17.352307,2023-04-07 18:21:29.447468,0 days 00:00:12.095161,0.22239330070047036,0.8203484383301686,0.11483392108772923,0.4535952839460304,100,68.83480470838556,246,33,8.825495301357439,1.0246479647346272,COMPLETE
160,160,0.6584256891162262,2023-04-07 18:21:29.447870,2023-04-07 18:21:38.288773,0 days 00:00:08.840903,0.11119327835348514,0.7822515070270295,0.15370831439966554,0.45883892226745826,100,60.628733387238114,246,31,8.747991504640584,0.9788208014799117,COMPLETE
161,161,0.6436487638533674,2023-04-07 18:21:38.289183,2023-04-07 18:21:50.259807,0 days 00:00:11.970624,0.2235645949210526,0.8202779295372361,0.11672070218958676,0.44485373613780377,111,78.38083115439136,248,33,9.029720154374514,0.6845862596440625,COMPLETE
162,162,0.6339869281045751,2023-04-07 18:21:50.260204,2023-04-07 18:22:00.422512,0 days 00:00:10.162308,0.16867672470542844,0.8412064438379105,0.1324581057601646,0.5032874236475462,93,109.25808450162512,241,34,9.262442348291412,1.2966423138486665,COMPLETE
163,163,0.5705456095481671,2023-04-07 18:22:00.422910,2023-04-07 18:22:12.296350,0 days 00:00:11.873440,0.2638241799827532,0.7435243825038398,0.11435055198030497,0.5292320238105235,105,36.31954919090845,245,35,8.820576198613496,1.0851414936647685,COMPLETE
164,164,0.6582125603864735,2023-04-07 18:22:12.296897,2023-04-07 18:22:21.946185,0 days 00:00:09.649288,0.13559299254868187,0.8871951740506626,0.13690182660668251,0.48788354653440136,99,120.06377068789786,242,33,8.222970393857644,0.5067005437895971,COMPLETE
165,165,0.6387468030690537,2023-04-07 18:22:21.946620,2023-04-07 18:22:35.787019,0 days 00:00:13.840399,0.20592396830917087,0.800803724448306,0.1019021159678219,0.4210420641231446,103,163.18464785664418,247,30,9.381146883316442,4.66294490300063,COMPLETE
166,166,0.6534526854219949,2023-04-07 18:22:35.787443,2023-04-07 18:22:44.261169,0 days 00:00:08.473726,0.23323842952361815,0.5584123051088962,0.1568132130721769,0.578424110026951,113,90.85958913443764,244,32,8.391569971198518,1.8683321478015462,COMPLETE
167,167,0.629156010230179,2023-04-07 18:22:44.261559,2023-04-07 18:22:55.418703,0 days 00:00:11.157144,0.18774994760715685,0.8650167212831106,0.12376052720489594,0.533139514076037,90,141.13652267816204,243,31,9.033257472594254,1.610948214339577,COMPLETE
168,168,0.6583546462063087,2023-04-07 18:22:55.419132,2023-04-07 18:23:05.536004,0 days 00:00:10.116872,0.1531202037140813,0.9135734857658226,0.14160743278802163,0.5623559949856847,108,58.948789143830226,250,28,9.627985658958636,0.8498068989270884,COMPLETE
169,169,0.4195083830633702,2023-04-07 18:23:05.536392,2023-04-07 18:23:17.936578,0 days 00:00:12.400186,0.11877743602042581,0.9717129980807662,0.11733699614064443,0.5087227921663854,121,21.22057890224579,258,33,8.506443519927517,1.1286726278273536,COMPLETE
170,170,0.629156010230179,2023-04-07 18:23:17.936993,2023-04-07 18:23:26.543620,0 days 00:00:08.606627,0.047292692067537175,0.822623418474187,0.15585773204447856,0.4670589940786198,95,112.82382606246006,240,27,8.837399169577512,1.3360365095975206,COMPLETE
171,171,0.6729184427394146,2023-04-07 18:23:26.544019,2023-04-07 18:23:35.547236,0 days 00:00:09.003217,0.08276491663699277,0.9009562347448812,0.17034826864054306,0.4863029176023991,102,178.46121717548513,276,30,8.729856507934672,1.4675986472737401,COMPLETE
172,172,0.6680875248650184,2023-04-07 18:23:35.547659,2023-04-07 18:23:49.163214,0 days 00:00:13.615555,0.13701882762100545,0.8848628936524888,0.10030621397465264,0.5075138104968501,105,203.58622201432343,241,30,8.612950814034123,1.739592664920491,COMPLETE
173,173,0.6242540494458653,2023-04-07 18:23:49.163634,2023-04-07 18:24:01.470293,0 days 00:00:12.306659,0.0972799138615836,0.9343520650246407,0.13256688968652938,0.4395740039172074,100,168.23673566654378,279,29,9.18671931246649,6.335737558200403,COMPLETE
174,174,0.6535237283319124,2023-04-07 18:24:01.470713,2023-04-07 18:24:08.598370,0 days 00:00:07.127657,0.06589140320077996,0.9056013775700487,0.19154145742611323,0.393684614147592,110,136.9082348477768,245,32,9.98256838390713,0.9690100672756151,COMPLETE
175,175,0.6386047172492185,2023-04-07 18:24:08.598784,2023-04-07 18:24:17.429899,0 days 00:00:08.831115,0.17056367267840328,0.8563045056665323,0.17013791253615476,0.4941821813824102,105,184.86559908354803,277,31,7.237255477636798,0.6594426459406099,COMPLETE
176,176,0.6290139244103439,2023-04-07 18:24:17.430308,2023-04-07 18:24:31.129841,0 days 00:00:13.699533,0.12327024744757743,0.6981914501677263,0.10035879742082437,0.5491189675065423,96,494.22398751721335,243,30,7.988869958120888,1.5211800017744954,COMPLETE
177,177,0.623969877806195,2023-04-07 18:24:31.130249,2023-04-07 18:24:35.680058,0 days 00:00:04.549809,0.09124222908106842,0.8405750372890892,0.3074645104071979,0.5334029206951492,114,251.11289824573214,283,34,4.5665943323008,0.85653000037164,COMPLETE
178,178,0.6486217675475988,2023-04-07 18:24:35.680448,2023-04-07 18:24:45.778510,0 days 00:00:10.098062,0.1497674354948617,0.7656722422123512,0.14473128103535665,0.5919371442349103,101,94.76358474565951,265,32,8.953081694202943,3.34334620130642,COMPLETE
179,179,0.6242540494458653,2023-04-07 18:24:45.778932,2023-04-07 18:24:47.933874,0 days 00:00:02.154942,0.21578259249872758,0.9456070109759841,0.6395142083057316,0.5160767133137283,107,75.44083245585131,242,29,7.649481062446144,1.2202571530726338,COMPLETE
180,180,0.5898692810457516,2023-04-07 18:24:47.934259,2023-04-07 18:24:53.527908,0 days 00:00:05.593649,0.2466007295381551,0.4352902609847496,0.26770121295950666,0.4560422704708097,92,158.14611329067634,267,31,9.374696890095448,1.927597498931093,COMPLETE
181,181,0.6680164819551009,2023-04-07 18:24:53.528311,2023-04-07 18:25:07.103893,0 days 00:00:13.575582,0.11763154765527528,0.9181001362455088,0.11575618437814651,0.544148811845764,105,165.10306971657334,275,31,8.61578432173865,1.446247803613051,COMPLETE
182,182,0.6631145211707872,2023-04-07 18:25:07.104302,2023-04-07 18:25:19.959807,0 days 00:00:12.855505,0.10192312615347875,0.9331216041825993,0.11869020308615617,0.5548126210592007,98,124.84531940966454,271,33,8.582707028324945,1.7048119981065784,COMPLETE
183,183,0.5996021597044615,2023-04-07 18:25:19.960201,2023-04-07 18:25:24.256104,0 days 00:00:04.295903,0.18706820658617213,0.9581773543239643,0.3468244640683738,0.607467494278071,103,208.91122422528616,269,31,8.354104827723829,1.3583099915178762,COMPLETE
184,184,0.6534526854219949,2023-04-07 18:25:24.256505,2023-04-07 18:25:35.971597,0 days 00:00:11.715092,0.07013856607179163,0.9999384738769823,0.1334818174378385,0.48990665764382235,110,144.1024167339618,273,30,8.822793559172823,5.122736539037949,COMPLETE
185,185,0.6533105996021598,2023-04-07 18:25:35.972009,2023-04-07 18:25:51.410348,0 days 00:00:15.438339,0.14226699499714246,0.8775853683430984,0.10042403264317315,0.5755079215620705,107,225.79113623065632,274,32,8.174338631909364,0.5071880107526885,COMPLETE
186,186,0.6486217675475987,2023-04-07 18:25:51.410820,2023-04-07 18:26:03.670615,0 days 00:00:12.259795,0.10225926793992936,0.8955054269111029,0.11918663134832333,0.5139495774831968,118,109.73386659569067,259,34,9.109756642869115,0.9642353924085101,COMPLETE
187,187,0.6631145211707872,2023-04-07 18:26:03.671030,2023-04-07 18:26:13.429591,0 days 00:00:09.758561,0.1611691436838219,0.9310758951769,0.15625944418683785,0.48145116883892464,102,181.12385979991672,272,29,8.542465158495586,1.1313558512866857,COMPLETE
188,188,0.6679454390451833,2023-04-07 18:26:13.430001,2023-04-07 18:26:29.271470,0 days 00:00:15.841469,0.2875763965683993,0.8063165747192341,0.10054154891752773,0.6688698785273318,111,156.22180473780924,281,33,9.802436080893486,0.7107635898247674,COMPLETE
189,189,0.6339158851946576,2023-04-07 18:26:29.271883,2023-04-07 18:26:40.451443,0 days 00:00:11.179560,0.030256363661163552,0.9795052650751284,0.13182071121407601,0.5614423539808475,96,128.24819961392612,260,30,9.235563295268042,2.1729203166813815,COMPLETE
190,190,0.5949843705598181,2023-04-07 18:26:40.451854,2023-04-07 18:26:46.820060,0 days 00:00:06.368206,0.4346144111196538,0.8724561047186786,0.20740751095050186,0.5320021856773333,114,42.806612139254554,241,32,7.779427063741785,1.5382447896704166,COMPLETE
191,191,0.6680875248650185,2023-04-07 18:26:46.820463,2023-04-07 18:26:55.706511,0 days 00:00:08.886048,0.06940420083996635,0.9025355047063489,0.17209103751947857,0.4925886578229879,102,181.33292389399696,276,30,8.756473089718341,1.3878105310317552,COMPLETE
192,192,0.6729184427394146,2023-04-07 18:26:55.706950,2023-04-07 18:27:05.872053,0 days 00:00:10.165103,0.0825566532556497,0.9088898649616433,0.14983390291919124,0.4727657346269439,105,169.81740046522106,273,28,8.691332166991156,1.4630724196778648,COMPLETE
193,193,0.6632566069906223,2023-04-07 18:27:05.872464,2023-04-07 18:27:15.031347,0 days 00:00:09.158883,0.11325407088712347,0.8338741200816046,0.17463152565440432,0.5009332582599354,100,191.128997286313,277,20,8.952693450382032,1.7827538605736377,COMPLETE
194,194,0.6630434782608696,2023-04-07 18:27:15.031746,2023-04-07 18:27:27.354612,0 days 00:00:12.322866,0.1282614251030577,0.9307582660147453,0.12943212083932548,0.4476393152001713,108,153.04128481491483,279,31,8.45399310083005,1.2170807097165754,COMPLETE
195,195,0.6582125603864735,2023-04-07 18:27:27.355041,2023-04-07 18:27:40.373823,0 days 00:00:13.018782,0.046919909312130886,0.9583311024421979,0.1221572679124702,0.5165543329878772,98,92.36865569890745,276,30,8.776663599372586,0.84608682830729,COMPLETE
196,196,0.6388888888888888,2023-04-07 18:27:40.374229,2023-04-07 18:27:48.819619,0 days 00:00:08.445390,0.08545040685127943,0.8666469586040434,0.16272915307545732,0.47348655655340127,103,68.83852855390424,244,29,9.594956937311196,1.6593194700763632,COMPLETE
197,197,0.6436487638533674,2023-04-07 18:27:48.820018,2023-04-07 18:27:59.418077,0 days 00:00:10.598059,0.171848752356164,0.8925755041720945,0.14355283431880939,0.41773937107605813,95,224.29741105229536,271,31,9.069334969074704,1.9426742082377821,COMPLETE
198,198,0.6438618925831202,2023-04-07 18:27:59.418485,2023-04-07 18:28:11.239073,0 days 00:00:11.820588,0.006000018248723968,0.7922982704062576,0.11241640709645279,0.5361369128534482,86,122.39422465655167,240,33,8.17347336727019,1.0613082403931713,COMPLETE
199,199,0.6533105996021596,2023-04-07 18:28:11.239473,2023-04-07 18:28:18.633228,0 days 00:00:07.393755,0.20338000367686188,0.849279123988181,0.1839535400321448,0.6318414139352067,111,142.67662381290128,246,32,9.444828903548798,3.8376990595695455,COMPLETE
