,number,value,datetime_start,datetime_complete,duration,params_alpha,params_beta,params_bpm_step,params_gamma,params_max_bpm,params_min_bpm,params_resonance_prior_beta,params_resonance_prior_bpm_ext,params_smooth_bpm_window,params_smooth_time_window,state
0,0,0.1852799090650753,2023-04-07 17:09:40.723479,2023-04-07 17:09:43.122730,0 days 00:00:02.399251,0.8882429238767338,0.027557316120728537,0.6434838157663607,0.2597243031400598,265,22,2.742378031140666,175,9.136584539692796,6.764225781256732,COMPLETE
1,1,0.351236146632566,2023-04-07 17:09:43.123071,2023-04-07 17:09:46.941373,0 days 00:00:03.818302,0.6197155808882158,0.7331605803118951,0.4166041871991498,0.5310981718209014,279,16,7.465453278260312,139,8.29274546012108,0.9560908132056527,COMPLETE
2,2,0.3317703893151463,2023-04-07 17:09:46.941718,2023-04-07 17:09:49.282295,0 days 00:00:02.340577,0.5856949914235435,0.04352021823230234,0.6167093749236432,0.8176540979146065,245,18,2.0690239224523053,145,1.8790039261696996,3.944019424359549,COMPLETE
3,3,0.3609690252912759,2023-04-07 17:09:49.282654,2023-04-07 17:09:51.880091,0 days 00:00:02.597437,0.618345842382892,0.9444541746226632,0.5478556676865064,0.7852091817461475,278,47,6.151309436306912,117,6.083446714049746,4.306268975470708,COMPLETE
4,4,0.2880079568059108,2023-04-07 17:09:51.880434,2023-04-07 17:09:53.725420,0 days 00:00:01.844986,0.979936247416492,0.0037595697032296593,0.9901380247052177,0.31921723553122683,289,18,7.317001057092899,81,8.803525646023669,4.742918677451942,COMPLETE
5,5,0.23429951690821257,2023-04-07 17:09:53.725764,2023-04-07 17:09:58.438966,0 days 00:00:04.713202,0.47861404884224434,0.32928979079084897,0.30882101098899695,0.9463303738632518,300,39,2.978484491667254,184,2.6479042111975595,2.1628604149323203,COMPLETE
6,6,0.42433930093776645,2023-04-07 17:09:58.439331,2023-04-07 17:10:01.315110,0 days 00:00:02.875779,0.048811785579619626,0.03829660132378765,0.45840006561322844,0.1774542940665338,253,34,5.7209583944323885,73,2.4454923848642145,0.9641920106693489,COMPLETE
7,7,0.23898834896277354,2023-04-07 17:10:01.315460,2023-04-07 17:10:03.392886,0 days 00:00:02.077426,0.5830759834521112,0.4063619700313237,0.6587764446054345,0.6679491789674864,249,41,8.001248861001548,169,8.450043023724545,7.360754363103268,COMPLETE
8,8,0.25859619210002843,2023-04-07 17:10:03.393232,2023-04-07 17:10:05.692042,0 days 00:00:02.298810,0.8806746283528941,0.04326034811958401,0.6154941293850508,0.3675637139445811,242,19,6.7945022447416825,241,5.407136001971928,3.1989304252891313,COMPLETE
9,9,0.00973287865870986,2023-04-07 17:10:05.692391,2023-04-07 17:10:08.561723,0 days 00:00:02.869332,0.7309227239776389,0.39013266025825133,0.4598685789762692,0.8648104936441495,263,50,5.64787416238924,55,5.455246749412842,4.073799160718997,COMPLETE
10,10,0.37560386473429946,2023-04-07 17:10:08.562094,2023-04-07 17:10:15.037661,0 days 00:00:06.475567,0.0030711328631960466,0.2538495212392996,0.18715320660228524,0.05358860447382072,257,30,9.57355954264087,96,1.0679019964709444,9.978788895885437,COMPLETE
11,11,0.3901676612674055,2023-04-07 17:10:15.038147,2023-04-07 17:10:23.988575,0 days 00:00:08.950428,0.029903193746448453,0.235255846070326,0.13079405829267687,0.011913041355047727,256,30,9.28992669913181,92,0.7929366122930201,9.576334809425726,COMPLETE
12,12,0.3072605853935777,2023-04-07 17:10:23.989066,2023-04-07 17:10:35.264425,0 days 00:00:11.275359,0.005549457947972583,0.21130089734222435,0.10588977803613309,0.06613106096227123,257,29,4.4415099445621316,50,0.6838440907857863,0.5389242780376851,COMPLETE
13,13,0.27301790281329924,2023-04-07 17:10:35.264780,2023-04-07 17:10:40.125649,0 days 00:00:04.860869,0.16712383763907412,0.18650543762297805,0.24300542929767643,0.007216232783623844,254,37,0.2817154110597482,79,2.8998457437990557,6.386775977139246,COMPLETE
14,14,0.3315572605853936,2023-04-07 17:10:40.126004,2023-04-07 17:10:44.374784,0 days 00:00:04.248780,0.23739142003348535,0.5019261476223869,0.325266135143196,0.16619099172308627,272,26,9.638500660866033,113,3.6247655731380144,8.847385614948248,COMPLETE
15,15,0.4486359761295822,2023-04-07 17:10:44.375139,2023-04-07 17:10:52.757141,0 days 00:00:08.382002,0.24833519183210132,0.1684778015330699,0.12778135083125672,0.15572776806931524,240,35,8.481530525246658,74,0.5805252069403435,5.492281023319799,COMPLETE
16,16,0.32693947144075025,2023-04-07 17:10:52.757501,2023-04-07 17:10:57.594853,0 days 00:00:04.837352,0.3322440590022223,0.13895568402290737,0.24294980148134804,0.1904158536700532,240,36,4.790068840477824,226,4.0081253589322525,5.511131687239173,COMPLETE
17,17,0.4192242114236999,2023-04-07 17:10:57.595212,2023-04-07 17:11:01.065331,0 days 00:00:03.470119,0.17354477740736574,0.12977230315040875,0.40750056693146264,0.36833376452853717,248,10,8.016513904661132,68,1.665378025069549,2.730728930932981,COMPLETE
18,18,0.4001847115657857,2023-04-07 17:11:01.065691,2023-04-07 17:11:10.752896,0 days 00:00:09.687205,0.3200892710294846,0.5232739486516564,0.11169756670554032,0.1536899582582633,250,44,8.620063284241557,117,1.9142961874769462,5.473897924374736,COMPLETE
19,19,0.37070190394998576,2023-04-07 17:11:10.753259,2023-04-07 17:11:15.053850,0 days 00:00:04.300591,0.1350857713382202,0.12517472935793553,0.309955970959659,0.45989457649369647,266,34,6.386963359831936,104,0.6347011512200846,1.8424659281759315,COMPLETE
20,20,0.4244813867576016,2023-04-07 17:11:15.054209,2023-04-07 17:11:20.586530,0 days 00:00:05.532321,0.38731460481285007,0.32721641537327,0.212373083250029,0.24402942879971412,240,33,5.113855631349212,130,4.270558054870302,3.490045895370634,COMPLETE
21,21,0.4294543904518329,2023-04-07 17:11:20.586902,2023-04-07 17:11:26.251925,0 days 00:00:05.665023,0.38919111106239873,0.29068464096911906,0.207834028048691,0.2565287318293904,240,33,4.944081378477674,131,3.9176646439608964,3.3893976968617863,COMPLETE
22,22,0.37098607558965613,2023-04-07 17:11:26.252414,2023-04-07 17:11:31.936189,0 days 00:00:05.683775,0.4061815382818059,0.37280439663890996,0.21503423663450347,0.2604984061510313,240,26,4.380653127737298,193,4.198862714038695,3.2847873632651123,COMPLETE
23,23,0.3709150326797386,2023-04-07 17:11:31.936556,2023-04-07 17:11:38.708245,0 days 00:00:06.771689,0.3893607339200903,0.29281252402085,0.1769262147081195,0.277581551073761,246,42,5.0629059057785035,159,4.513668117803309,5.081755420578729,COMPLETE
24,24,0.4050156294401819,2023-04-07 17:11:38.708619,2023-04-07 17:11:45.360426,0 days 00:00:06.651807,0.27751201283188354,0.32077206940641695,0.17389284221774098,0.09836691265573946,245,34,6.93412654356764,131,3.2952531245439536,3.5139684207892556,COMPLETE
25,25,0.3952117078715544,2023-04-07 17:11:45.360788,2023-04-07 17:11:57.506040,0 days 00:00:12.145252,0.44398268236355304,0.4549662127394922,0.10269064617722995,0.1235173948070648,241,25,8.592889580400433,210,3.318810072043127,4.650170885936499,COMPLETE
26,26,0.37560386473429946,2023-04-07 17:11:57.506552,2023-04-07 17:12:02.374870,0 days 00:00:04.868318,0.3562561026824502,0.26030762635850674,0.26660328964754926,0.22185007283280822,261,38,5.463429249014913,132,4.667272547613696,2.8963726522683793,COMPLETE
27,27,0.3513071895424837,2023-04-07 17:12:02.375239,2023-04-07 17:12:09.220616,0 days 00:00:06.845377,0.24898854065111037,0.18360545824644234,0.19127190545296457,0.10201134769273043,251,33,3.911380416794522,154,6.05329313352374,3.778234161471918,COMPLETE
28,28,0.4342142654163115,2023-04-07 17:12:09.220978,2023-04-07 17:12:13.657230,0 days 00:00:04.436252,0.4922948826326498,0.5554561620849867,0.270488756414178,0.35448454284216774,246,32,6.279732202537039,122,1.4110108467183746,2.3319744682813286,COMPLETE
29,29,0.3952117078715544,2023-04-07 17:12:13.657594,2023-04-07 17:12:17.378276,0 days 00:00:03.720682,0.47447322210587073,0.5564847296062371,0.3481860981634705,0.3624391759712602,246,23,6.234512932797863,168,1.504311516479195,2.513830590258693,COMPLETE
30,30,0.36579994316567205,2023-04-07 17:12:17.378685,2023-04-07 17:12:22.739310,0 days 00:00:05.360625,0.5238648749297231,0.612814691451569,0.2535758291232785,0.46775311734124025,273,29,6.96945364872557,101,1.254522414094614,1.5000959247391654,COMPLETE
31,31,0.4244813867576016,2023-04-07 17:12:22.739678,2023-04-07 17:12:30.440513,0 days 00:00:07.700835,0.3920759507098797,0.3541222240852477,0.1500873035353473,0.2611178334726528,244,32,5.658887784912698,127,2.458745604704255,2.5424686173302335,COMPLETE
32,32,0.41965046888320545,2023-04-07 17:12:30.441024,2023-04-07 17:12:35.994037,0 days 00:00:05.553013,0.33257346870688576,0.4372530576834966,0.20429521647508972,0.21442131827771374,241,31,7.654462467773731,142,2.2091945780796522,3.4369896608157346,COMPLETE
33,33,0.3903807899971583,2023-04-07 17:12:35.994398,2023-04-07 17:12:40.209079,0 days 00:00:04.214681,0.5206627581297887,0.2961096729991696,0.2770858399996057,0.2990011411318861,244,40,6.456902301021152,151,1.5152357665026788,2.0994379437105577,COMPLETE
34,34,0.4148195510088093,2023-04-07 17:12:40.209455,2023-04-07 17:12:47.103148,0 days 00:00:06.893693,0.4266219470967548,0.44857501130927074,0.16379774954725657,0.411779282275067,248,36,3.786209283660221,121,0.5669415595099966,4.303356404864162,COMPLETE
35,35,0.434285308326229,2023-04-07 17:12:47.103501,2023-04-07 17:12:52.913798,0 days 00:00:05.810297,0.2872972924821814,0.6518896438360591,0.21377145013981572,0.32146868311887034,260,27,5.107957853399535,88,1.9435671436497723,3.8210010607938747,COMPLETE
36,36,0.4193662972435351,2023-04-07 17:12:52.914162,2023-04-07 17:13:05.345612,0 days 00:00:12.431450,0.28232810332441827,0.6635884225367825,0.10073480623864949,0.5439756175630226,261,27,5.8600477513448,85,2.04368096069988,3.956253060208515,COMPLETE
37,37,0.37546177891446436,2023-04-07 17:13:05.345970,2023-04-07 17:13:09.626235,0 days 00:00:04.280265,0.224029895602966,0.7291908095141943,0.35651404251217084,0.3014240337419119,287,22,7.427256778117874,67,1.1985844696602583,2.8856332247330463,COMPLETE
38,38,0.41943734015345274,2023-04-07 17:13:09.626615,2023-04-07 17:13:14.279731,0 days 00:00:04.653116,0.31144398083419034,0.8523929936760098,0.2618814225296189,0.3263627148249543,266,44,6.350102825066224,107,2.9042828347768275,4.687056994742124,COMPLETE
39,39,0.38533674339300944,2023-04-07 17:13:14.280114,2023-04-07 17:13:22.555764,0 days 00:00:08.275650,0.45010561037296093,0.5748419001743946,0.14841411308115515,0.22115037181325548,253,15,9.944879569225211,89,1.9353037262563544,1.4475798445468087,COMPLETE
40,40,0.40458937198067635,2023-04-07 17:13:22.556129,2023-04-07 17:13:27.369380,0 days 00:00:04.813251,0.09400469185263305,0.4915708717269493,0.29370445142537316,0.1519774229524276,279,28,5.287023591828293,58,2.3276344462716585,4.245938469531555,COMPLETE
41,41,0.419721511793123,2023-04-07 17:13:27.369738,2023-04-07 17:13:32.505633,0 days 00:00:05.135895,0.34819444838478963,0.3905394959426405,0.22457159738516722,0.2313802782573729,243,32,5.054526804910255,109,1.1595336652535004,3.415777704843937,COMPLETE
42,42,0.41474850809889174,2023-04-07 17:13:32.505995,2023-04-07 17:13:37.981449,0 days 00:00:05.475454,0.37318202042857235,0.34237046643341873,0.21021646017046966,0.3374078573663325,247,35,5.978653384593944,141,2.9041540047978645,2.4004469066190532,COMPLETE
43,43,0.4828076157999431,2023-04-07 17:13:37.981811,2023-04-07 17:13:45.173129,0 days 00:00:07.191318,0.4921720958368527,0.08350090554212997,0.15298393758708836,0.27638441204696046,251,38,4.6012200772430925,78,1.6795099729791119,2.989699748481026,COMPLETE
44,44,0.512290423415743,2023-04-07 17:13:45.173486,2023-04-07 17:13:54.118024,0 days 00:00:08.944538,0.5649559894244797,0.07958552556622826,0.12593268668088578,0.4028870356914823,251,39,3.2855353951756676,74,1.786499021740131,2.9836086435895406,COMPLETE
45,45,0.5561238988348963,2023-04-07 17:13:54.118378,2023-04-07 17:14:01.948529,0 days 00:00:07.830151,0.5557680139914247,0.021908008416865826,0.14673251874783289,0.396516601973322,260,43,2.5952579078949394,78,1.6948257870161083,2.986810637247685,COMPLETE
46,46,0.46824381926683717,2023-04-07 17:14:01.948914,2023-04-07 17:14:09.872505,0 days 00:00:07.923591,0.6514544593815893,0.009636278146876592,0.14051794356728214,0.3956120818026009,259,47,2.526395443385985,74,1.0116479078773364,3.053413934150581,COMPLETE
47,47,0.49261153736857066,2023-04-07 17:14:09.872864,2023-04-07 17:14:18.115314,0 days 00:00:08.242450,0.6594185675407489,0.0005704258728639472,0.1424575462398207,0.4304827169605737,269,48,2.591344677143967,76,0.8964680897342587,3.032702987935843,COMPLETE
48,48,0.11693662972435352,2023-04-07 17:14:18.115680,2023-04-07 17:14:25.953963,0 days 00:00:07.838283,0.6564606089434575,0.0022020956189507668,0.1453616940816371,0.40172738184745016,268,50,2.406300965926236,63,1.0118216269895213,2.9382622686684794,COMPLETE
49,49,0.565714691673771,2023-04-07 17:14:25.954340,2023-04-07 17:14:34.171867,0 days 00:00:08.217527,0.5703217646776979,0.07401255858001045,0.14407324645299707,0.5260805983144039,275,47,3.0705873669259915,77,0.9816896585276125,1.9215687035385858,COMPLETE
50,50,0.5658567774936062,2023-04-07 17:14:34.172223,2023-04-07 17:14:40.870207,0 days 00:00:06.697984,0.5690414312040691,0.05023695428339147,0.17964707976647437,0.5592220723095122,276,47,3.0464656379422204,80,1.7683347234566134,1.6024223725821163,COMPLETE
51,51,0.565714691673771,2023-04-07 17:14:40.870782,2023-04-07 17:14:49.068303,0 days 00:00:08.197521,0.5646272114552002,0.07591282633690503,0.14322882484292201,0.5528535582726536,274,48,3.0655227738403217,79,1.6352558443816112,1.8299698944614258,COMPLETE
52,52,0.4924694515487355,2023-04-07 17:14:49.068840,2023-04-07 17:14:56.102335,0 days 00:00:07.033495,0.569895727017805,0.07299326969141143,0.17109123615615612,0.5495205119037809,276,48,3.1275160406410434,98,2.432102787708315,1.8412193434724184,COMPLETE
53,53,0.014634839443023587,2023-04-07 17:14:56.102719,2023-04-07 17:15:07.643138,0 days 00:00:11.540419,0.5754912323967533,0.055154100645033746,0.10730016684907812,0.6237243902324475,285,45,1.803425697790387,51,0.9501345632990223,0.8693444197271937,COMPLETE
54,54,0.12183859050866724,2023-04-07 17:15:07.643646,2023-04-07 17:15:17.101245,0 days 00:00:09.457599,0.6175967146174096,0.09204825263702364,0.12958778679111804,0.5030775986159369,282,48,3.001399835778548,61,1.56015988268563,1.2199867366213013,COMPLETE
55,55,0.551150895140665,2023-04-07 17:15:17.101621,2023-04-07 17:15:22.345010,0 days 00:00:05.243389,0.7029427838009665,0.039607076529873025,0.24545718261765134,0.5945961265203681,275,42,3.419351722641745,80,0.5201755670024757,1.9433152224697627,COMPLETE
56,56,0.4974424552429668,2023-04-07 17:15:22.345399,2023-04-07 17:15:29.195142,0 days 00:00:06.849743,0.7371524848179206,0.04731644259741444,0.17894481638349816,0.5762098833845231,273,42,3.3552351249975447,94,1.9940342293574174,1.919047160103486,COMPLETE
57,57,0.5900824097755044,2023-04-07 17:15:29.195515,2023-04-07 17:15:34.601757,0 days 00:00:05.406242,0.5489916107058921,0.10663621186981401,0.23688038501671776,0.6703486879700121,277,45,1.9712333981036716,84,2.6352927895378184,1.5793230858378178,COMPLETE
58,58,0.5949843705598181,2023-04-07 17:15:34.602142,2023-04-07 17:15:39.688588,0 days 00:00:05.086446,0.5424578526743069,0.11298344063972215,0.2522822056901938,0.7300158959191148,277,46,1.9955439246409201,82,0.5119543400524489,0.6925368707717086,COMPLETE
59,59,0.2584541062801932,2023-04-07 17:15:39.689093,2023-04-07 17:15:44.261053,0 days 00:00:04.571960,0.5396886777765243,0.14751224792815978,0.3045978370308553,0.6972916758466005,295,46,1.8486973101705049,67,2.693707297297949,0.6284989690236162,COMPLETE
60,60,0.6144501278772379,2023-04-07 17:15:44.261421,2023-04-07 17:15:49.653651,0 days 00:00:05.392230,0.6066072939363955,0.10641344811808387,0.23406688937778053,0.7303373959919505,280,50,1.4528093677262541,86,1.4310772468696205,1.007092729083683,COMPLETE
61,61,0.629156010230179,2023-04-07 17:15:49.654012,2023-04-07 17:15:55.049025,0 days 00:00:05.395013,0.5372758924425031,0.11295540524787406,0.2351910363224762,0.7076447581285793,280,50,1.3163346952625514,87,1.3774886542269302,1.0588090395823333,COMPLETE
62,62,0.6242540494458654,2023-04-07 17:15:55.049397,2023-04-07 17:16:00.428377,0 days 00:00:05.378980,0.6029668172687334,0.10985065086919392,0.23578122378047156,0.7214419427750461,280,50,1.393068329346557,84,1.3700963748712658,1.117400466646335,COMPLETE
63,63,0.6144501278772379,2023-04-07 17:16:00.428915,2023-04-07 17:16:05.781259,0 days 00:00:05.352344,0.6054014623615434,0.1255140836531746,0.23326835952451586,0.7330446981448814,280,50,1.4156952464614858,85,1.3276420654850454,0.9914313815710074,COMPLETE
64,64,0.6242540494458653,2023-04-07 17:16:05.781628,2023-04-07 17:16:11.176901,0 days 00:00:05.395273,0.612227452351331,0.12085333888084371,0.23292497919884192,0.73708556533662,279,50,1.3307191579073532,86,1.2696155465580796,1.0049639372325592,COMPLETE
65,65,0.6094060812730889,2023-04-07 17:16:11.177276,2023-04-07 17:16:16.594240,0 days 00:00:05.416964,0.6101622891062044,0.20538457350825345,0.2357101471977625,0.7480215008096285,282,50,1.2000509514914754,94,0.7388335159220963,1.0701963806302983,COMPLETE
66,66,0.6046462063086104,2023-04-07 17:16:16.594652,2023-04-07 17:16:20.717192,0 days 00:00:04.122540,0.6092776713151589,0.20203736382915236,0.32381157705041513,0.7723746667794515,282,50,1.2288979037970504,94,0.5015341412226948,1.1154133530279295,COMPLETE
67,67,0.5852514919011083,2023-04-07 17:16:20.717563,2023-04-07 17:16:25.271217,0 days 00:00:04.553654,0.610686228248785,0.21288943248920278,0.288563194053308,0.7925514779645404,281,50,1.220409474770271,98,1.359062256882178,1.125784590531953,COMPLETE
68,68,0.5023444160272804,2023-04-07 17:16:25.271594,2023-04-07 17:16:29.372162,0 days 00:00:04.100568,0.6035882530563158,0.1580390143758695,0.34449839428416523,0.8382814290583391,291,50,0.9144447671422475,113,0.7084743878028618,1.1572322289246761,COMPLETE
69,69,0.5902244955953396,2023-04-07 17:16:29.372546,2023-04-07 17:16:33.567557,0 days 00:00:04.195011,0.6362381041640088,0.18720752646778455,0.31561457365808065,0.7514165860400976,283,49,0.28605170230141264,90,1.1819032505451155,0.8794589231944893,COMPLETE
70,70,0.5073174197215118,2023-04-07 17:16:33.567926,2023-04-07 17:16:39.057929,0 days 00:00:05.490003,0.6946162843310051,0.13209365736718334,0.22780118959217588,0.7672371382425877,280,49,1.4773173004465852,103,1.3492988924373064,0.5746793782108193,COMPLETE
71,71,0.6339158851946576,2023-04-07 17:16:39.058295,2023-04-07 17:16:44.178910,0 days 00:00:05.120615,0.5968363036307678,0.10767249729541042,0.2554210166761219,0.7296468434404152,284,49,0.8208128993282392,94,0.7489110883958614,0.8485244094670329,COMPLETE
72,72,0.6143790849673202,2023-04-07 17:16:44.179276,2023-04-07 17:16:48.814169,0 days 00:00:04.634893,0.606075735046718,0.1591634309912091,0.28874773673696574,0.8049339258688702,289,49,0.7896620652885876,92,0.7814159397435897,0.936271469819316,COMPLETE
73,73,0.5512219380505826,2023-04-07 17:16:48.814542,2023-04-07 17:16:53.863570,0 days 00:00:05.049028,0.5175757237518763,0.1628022915605513,0.26566601755682295,0.8126508102640407,291,49,0.619933693411826,110,0.7512504891476727,0.849991509325781,COMPLETE
74,74,0.5608837737993748,2023-04-07 17:16:53.863952,2023-04-07 17:17:00.272412,0 days 00:00:06.408460,0.598086737148358,0.1186028450957593,0.2003415821728018,0.7271562129583821,286,46,0.7522410585896877,102,1.3456036490097754,1.3817192944726404,COMPLETE
75,75,0.6292270531400965,2023-04-07 17:17:00.272790,2023-04-07 17:17:05.002748,0 days 00:00:04.729958,0.628261938025208,0.22824030414249508,0.2824621704944155,0.8762238371803817,284,49,1.4495909715360482,87,0.8028547686583988,0.9972693828513655,COMPLETE
76,76,0.6096192100028417,2023-04-07 17:17:05.003120,2023-04-07 17:17:09.747833,0 days 00:00:04.744713,0.6328310964440096,0.24249329293390398,0.2777420601644211,0.8776642525570513,288,49,1.5290837564772106,86,2.122017656547488,0.511048607294768,COMPLETE
77,77,0.3903807899971583,2023-04-07 17:17:09.748208,2023-04-07 17:17:13.280341,0 days 00:00:03.532133,0.5163200837523656,0.13718580167762254,0.3950938034976745,0.7077995886139302,284,45,2.2630811975569665,117,0.9018113286058448,0.8489578615423181,COMPLETE
78,78,0.1461352657004831,2023-04-07 17:17:13.280708,2023-04-07 17:17:17.668335,0 days 00:00:04.387627,0.6785372908556756,0.16985297455018647,0.3033239873939611,0.7932935418782359,279,44,0.11958898476842295,71,1.2290275201150171,1.4051051556901508,COMPLETE
79,79,0.6046462063086103,2023-04-07 17:17:17.668728,2023-04-07 17:17:22.401315,0 days 00:00:04.732587,0.6346466892223241,0.10498519820982298,0.28595476663757785,0.6718414548283854,291,48,0.5685325814620975,88,1.4819848358972751,0.50516279366276,COMPLETE
80,80,0.20026996305768685,2023-04-07 17:17:22.401686,2023-04-07 17:17:29.266220,0 days 00:00:06.864534,0.7367488462425538,0.22325248046058893,0.19248243168493812,0.8916026919016163,295,47,1.008284835503606,186,0.8220205277681136,2.182992637055408,COMPLETE
81,81,0.6291560102301791,2023-04-07 17:17:29.266597,2023-04-07 17:17:33.955407,0 days 00:00:04.688810,0.6246952647895159,0.24195532017170265,0.28523841685758,0.8729487350592905,288,49,1.3816895777293148,86,2.180015544380479,0.7442299878767418,COMPLETE
82,82,0.25348110258596196,2023-04-07 17:17:33.955789,2023-04-07 17:17:39.794326,0 days 00:00:05.838537,0.5809799706287229,0.18070491291327326,0.22394326488140204,0.8433181733101615,289,49,1.5837106931332503,69,1.055571245933161,1.2914309065603922,COMPLETE
83,83,0.5851804489911907,2023-04-07 17:17:39.794751,2023-04-07 17:17:44.932830,0 days 00:00:05.138079,0.5940238404650756,0.14598049220634257,0.2502519954868486,0.8123252737883804,285,46,0.8663774390364252,98,1.8846253200021876,0.959096593182635,COMPLETE
84,84,0.5949133276499006,2023-04-07 17:17:44.933201,2023-04-07 17:17:48.930073,0 days 00:00:03.996872,0.6756926806599166,0.2541380348521714,0.3397226434332693,0.7775814745933228,288,50,2.197086840463567,92,2.1033460338790952,1.5926884531931318,COMPLETE
85,85,0.6096192100028417,2023-04-07 17:17:48.930455,2023-04-07 17:17:53.887935,0 days 00:00:04.957480,0.6326796244765168,0.11540115602972525,0.27449588053827473,0.9597157623470982,294,48,1.64811940148823,85,1.4667166509667162,0.768814107670563,COMPLETE
86,86,0.5852514919011083,2023-04-07 17:17:53.888329,2023-04-07 17:17:57.592925,0 days 00:00:03.704596,0.47591061464902534,0.23389713734701514,0.3727431080286837,0.9115600459636815,284,47,0.48423553500610095,107,1.1645672537314655,1.2651368250072805,COMPLETE
87,87,0.05846831486217676,2023-04-07 17:17:57.593454,2023-04-07 17:18:01.635460,0 days 00:00:04.042006,0.53467840251823,0.15614020079739155,0.3239895530914178,0.8460037255246233,280,49,1.3062931563007638,59,2.2716971894359697,1.0126481025574179,COMPLETE
88,88,0.1461352657004831,2023-04-07 17:18:01.635829,2023-04-07 17:18:05.994299,0 days 00:00:04.358470,0.5908993121328634,0.18304697949672571,0.295304125171183,0.8222559540891594,271,45,1.098518204025943,65,1.6838608349546647,1.6151335582600286,COMPLETE
89,89,0.11224779766979255,2023-04-07 17:18:05.994735,2023-04-07 17:18:12.466354,0 days 00:00:06.471619,0.4909468849679748,0.09450411363758346,0.19897799305123104,0.6369114447633045,278,43,1.4089288957937653,249,0.7646545508898116,1.3594397657323414,COMPLETE
90,90,0.3169934640522876,2023-04-07 17:18:12.466735,2023-04-07 17:18:17.612100,0 days 00:00:05.145365,0.7144289691752592,0.27257813231057293,0.25539550610878775,0.9154796219464117,289,50,0.943642509117332,73,1.370614177879459,0.738747837739604,COMPLETE
91,91,0.5997442455242967,2023-04-07 17:18:17.612493,2023-04-07 17:18:22.444927,0 days 00:00:04.832434,0.6511941012051576,0.13123972601425712,0.277387620232555,0.8599046308342642,292,49,1.7145523987806832,91,2.123865649353129,0.5751244952663245,COMPLETE
92,92,0.6145211707871554,2023-04-07 17:18:22.445302,2023-04-07 17:18:28.086116,0 days 00:00:05.640814,0.6423479685549253,0.21845841456353432,0.22782621421435212,0.8719468334050451,287,48,1.3738926772125994,84,1.8507169110549182,1.0362230212758965,COMPLETE
93,93,0.6097612958226769,2023-04-07 17:18:28.086521,2023-04-07 17:18:33.786182,0 days 00:00:05.699661,0.6635302733888941,0.2046113386107947,0.22737300645536362,0.7439993690392646,285,47,1.3606436290999289,84,1.0736640859641704,1.0217522318592738,COMPLETE
94,94,0.5706166524580847,2023-04-07 17:18:33.786560,2023-04-07 17:18:41.134213,0 days 00:00:07.347653,0.6231134476853394,0.060773068792744515,0.1705253417498061,0.7063259730626602,287,48,1.0831569058852193,99,1.7944517276904532,1.6804802077089291,COMPLETE
95,95,0.5463199772662688,2023-04-07 17:18:41.134605,2023-04-07 17:18:47.168144,0 days 00:00:06.033539,0.5917006398926731,0.09240247104567176,0.21102758634073224,0.9832750015113481,281,46,0.7433707143684963,104,1.5338336373024326,1.3319813506945315,COMPLETE
96,96,0.5803495311167945,2023-04-07 17:18:47.168515,2023-04-07 17:18:52.555817,0 days 00:00:05.387302,0.6756132277518709,0.03114031819096763,0.24290711904796727,0.8139975852363196,286,48,2.120186681669673,90,0.9642593992427504,0.753487083473359,COMPLETE
97,97,0.6242540494458654,2023-04-07 17:18:52.556194,2023-04-07 17:18:57.424699,0 days 00:00:04.868505,0.5527831106067802,0.15275513670276927,0.2636173671043677,0.7904285668188207,283,50,1.701751993743488,83,1.22945563219754,1.0226140555869832,COMPLETE
98,98,0.2877237851662404,2023-04-07 17:18:57.425072,2023-04-07 17:19:02.402452,0 days 00:00:04.977380,0.5565746377082286,0.22709593342199846,0.25993167146470747,0.7711993712078049,283,50,1.8111843255738824,71,1.3001725532131576,1.1862674758453284,COMPLETE
99,99,0.4193662972435351,2023-04-07 17:19:02.402881,2023-04-07 17:19:09.512970,0 days 00:00:07.110089,0.538898379202349,0.1325877909289962,0.19254908699355253,0.7247244455625818,278,16,1.4905930625764232,85,1.8200560455427914,1.4391879372937484,COMPLETE
100,100,0.5656436487638534,2023-04-07 17:19:09.513352,2023-04-07 17:19:15.218631,0 days 00:00:05.705279,0.506896472661637,0.06596069589058848,0.2211571616002931,0.6880990058851107,280,50,1.919604555333857,81,1.6403212744431572,2.224114385250732,COMPLETE
101,101,0.5803495311167945,2023-04-07 17:19:15.219018,2023-04-07 17:19:19.587536,0 days 00:00:04.368518,0.5890514852295903,0.16526837696765095,0.3006469495693223,0.7566382391283936,283,49,1.6608185671756213,95,0.7023199916912735,0.9745145607837389,COMPLETE
102,102,0.5121483375959079,2023-04-07 17:19:19.587931,2023-04-07 17:19:25.142592,0 days 00:00:05.554661,0.6203377384657146,0.1973704461662255,0.23706844112900322,0.7874343932226534,286,47,1.1371592962944854,76,1.1376804268618002,0.7269038961415688,COMPLETE
103,103,0.6241119636260302,2023-04-07 17:19:25.142983,2023-04-07 17:19:29.562303,0 days 00:00:04.419320,0.5770792440714697,0.11102904012958169,0.3253792950236128,0.8634206820124325,298,48,0.8194037114631803,88,0.855925685001778,1.6957163005521518,COMPLETE
104,104,0.6094771241830065,2023-04-07 17:19:29.562690,2023-04-07 17:19:34.841936,0 days 00:00:05.279246,0.5574178301299227,0.10682134224050485,0.25968430671277665,0.8315041389068512,300,48,1.353683582955767,82,1.4513748588844904,1.760781893241652,COMPLETE
105,105,0.5998863313441319,2023-04-07 17:19:34.842318,2023-04-07 17:19:39.040383,0 days 00:00:04.198065,0.6427844386321212,0.1230751638007155,0.31629308653976923,0.861660076646753,281,46,0.35164968983397404,88,1.972486470464237,1.4990029082677014,COMPLETE
106,106,0.12666950838306335,2023-04-07 17:19:39.040758,2023-04-07 17:19:44.992474,0 days 00:00:05.951716,0.5268109872785903,0.08433275601370462,0.20708241064413846,0.790078123929376,277,50,0.9894129719780118,64,0.9310455677430257,1.1788707638437301,COMPLETE
107,107,0.3510230179028133,2023-04-07 17:19:44.992857,2023-04-07 17:19:50.093155,0 days 00:00:05.100298,0.5871484948977765,0.029515560741425875,0.271680589784321,0.7379019710402679,299,48,0.5747868958336113,76,1.2398218749503442,2.0886990295122563,COMPLETE
108,108,0.3705598181301506,2023-04-07 17:19:50.093554,2023-04-07 17:19:57.853395,0 days 00:00:07.759841,0.5700860150606978,0.1461591117247948,0.18902401882833636,0.7146542866903345,284,11,1.7531222759589866,54,0.6124090798646463,1.7342416998819123,COMPLETE
109,109,0.5316851378232452,2023-04-07 17:19:57.853916,2023-04-07 17:20:05.861165,0 days 00:00:08.007249,0.6235962718447934,0.186320704431271,0.16328388089291884,0.7639975823576564,297,47,2.0316498228111914,96,1.602305162915397,0.5096895536482837,COMPLETE
110,110,0.39030974708724075,2023-04-07 17:20:05.861570,2023-04-07 17:20:09.853061,0 days 00:00:03.991491,0.5464634753992721,0.06465213879239355,0.33720817449236057,0.8874560698842443,279,44,2.304293690760026,113,1.1369496020285337,1.0729455311538847,COMPLETE
111,111,0.09768400113668657,2023-04-07 17:20:09.853449,2023-04-07 17:20:14.321306,0 days 00:00:04.467857,0.6047553960769997,0.15258526245961535,0.30423044622639706,0.8042238623049817,290,49,0.7055025375725604,217,0.873968206943343,0.8216852874540919,COMPLETE
112,112,0.6241119636260302,2023-04-07 17:20:14.321693,2023-04-07 17:20:19.814501,0 days 00:00:05.492808,0.6493572497065574,0.10097988790903376,0.23718112885846604,0.8523635697735474,287,49,0.9286880819055185,92,0.5004443189077507,1.2513518799987895,COMPLETE
113,113,0.5560528559249787,2023-04-07 17:20:19.814921,2023-04-07 17:20:25.353211,0 days 00:00:05.538290,0.6470594011035055,0.10069162807970067,0.2407242746452941,0.8495612343196483,293,49,1.2400311366113659,100,0.5550021015815833,1.2348807337634018,COMPLETE
114,114,0.6194231315714691,2023-04-07 17:20:25.353595,2023-04-07 17:20:31.313003,0 days 00:00:05.959408,0.688146829115722,0.11798941230530906,0.21812719950610052,0.8200543909605587,287,50,1.4499178181164885,88,1.0216275699568573,1.4162766699203089,COMPLETE
115,115,0.6046462063086104,2023-04-07 17:20:31.313400,2023-04-07 17:20:37.280448,0 days 00:00:05.967048,0.6598483934664646,0.08543280338670357,0.21700715793635944,0.8294119844518039,287,47,0.9084992653648978,81,1.0376437581206677,1.4772752005954204,COMPLETE
116,116,0.6047882921284456,2023-04-07 17:20:37.280846,2023-04-07 17:20:42.210810,0 days 00:00:04.929964,0.6913286372990345,0.048705697765007154,0.264928596839333,0.876363516222675,283,50,0.42153396287054634,88,0.73664275904723,1.6868699986958493,COMPLETE
117,117,0.3073316283034953,2023-04-07 17:20:42.211213,2023-04-07 17:20:46.988632,0 days 00:00:04.777419,0.7142147908830933,0.1737229524096341,0.2832172252815822,0.9008343491972474,285,48,1.5554306744141597,71,0.9172910612242452,1.9695392489116124,COMPLETE
118,118,0.5073884626314293,2023-04-07 17:20:46.989014,2023-04-07 17:20:53.914587,0 days 00:00:06.925573,0.6369994552555467,0.11594894572445856,0.18180456511692594,0.930441990074083,288,49,1.094940565942042,107,1.4993579569876834,0.6952937985119783,COMPLETE
119,119,0.5803495311167945,2023-04-07 17:20:53.915006,2023-04-07 17:20:59.164801,0 days 00:00:05.249795,0.6840153377246738,0.2253698709673561,0.24804720036892158,0.8672698091902624,282,45,0.1767507693021071,94,0.514946858328124,1.260062201993549,COMPLETE
120,120,0.6292270531400966,2023-04-07 17:20:59.165206,2023-04-07 17:21:05.249629,0 days 00:00:06.084423,0.5810947880152049,0.2733397638922453,0.22009881296034167,0.8566196207460953,297,46,0.7289776470781146,90,1.777569690614912,0.8947374211481117,COMPLETE
121,121,0.5364450127877237,2023-04-07 17:21:05.250016,2023-04-07 17:21:11.173151,0 days 00:00:05.923135,0.5838932237225634,0.2806610344965102,0.22064185037788225,0.8781240786110336,290,48,0.6740683355696891,79,1.8252883822149466,0.962828223102036,COMPLETE
122,122,0.6386757601591362,2023-04-07 17:21:11.173543,2023-04-07 17:21:17.462889,0 days 00:00:06.289346,0.6644276020148315,0.308723144847018,0.20207108500164306,0.8432127377431009,287,50,0.48462212548221595,90,1.2682877019121335,1.3952085053866756,COMPLETE
123,123,0.6436487638533674,2023-04-07 17:21:17.463297,2023-04-07 17:21:24.364458,0 days 00:00:06.901161,0.6683065367229478,0.31510839954093744,0.1953627832897877,0.8474124900672588,298,46,0.3684349629960511,91,1.2445159164634796,1.5318558190584897,COMPLETE
124,124,0.6096902529127592,2023-04-07 17:21:24.364834,2023-04-07 17:21:31.036065,0 days 00:00:06.671231,0.7594313680829531,0.3090207594949103,0.20042574450718786,0.8543052477193104,294,46,0.4396893083174856,100,1.1935775567150622,1.4441289781485107,COMPLETE
125,125,0.44352088661551575,2023-04-07 17:21:31.036483,2023-04-07 17:21:38.189484,0 days 00:00:07.153001,0.6615503646866709,0.25285909806445717,0.18390972800386451,0.837066745129698,297,49,0.12957489815902123,91,0.8570014115143342,1.5999514146906353,COMPLETE
126,126,0.5560528559249787,2023-04-07 17:21:38.189866,2023-04-07 17:21:46.513357,0 days 00:00:08.323491,0.6699719376450008,0.29306249524573535,0.15752031603547573,0.8964524824321226,298,47,0.8376014494537517,104,1.0679871822300364,2.6195330494938487,COMPLETE
127,127,0.6486928104575164,2023-04-07 17:21:46.513752,2023-04-07 17:21:52.942988,0 days 00:00:06.429236,0.6986760291358902,0.3364612068859387,0.20543605990884137,0.8220718176292555,296,50,0.34015888398742666,96,1.3150613093177774,1.8349769006848233,COMPLETE
128,128,0.6339158851946576,2023-04-07 17:21:52.943368,2023-04-07 17:22:00.874343,0 days 00:00:07.930975,0.5754901745558196,0.3299645575756535,0.1649899294201878,0.9335613484087661,296,46,0.34358808640039024,96,1.3377045719396579,2.3465601687771933,COMPLETE
129,129,0.6339158851946576,2023-04-07 17:22:00.874803,2023-04-07 17:22:08.502006,0 days 00:00:07.627203,0.5090123873562455,0.3425551446752208,0.17101172942802406,0.9516476709665206,296,45,0.32078779016977377,96,1.6900948222661325,2.4020459019218494,COMPLETE
130,130,0.4536800227337312,2023-04-07 17:22:08.502389,2023-04-07 17:22:19.065437,0 days 00:00:10.563048,0.5052391108670085,0.33300830387266633,0.1245178723575458,0.9312396482948593,297,41,0.40802294886606616,122,1.6465758975637546,2.4862484284048336,COMPLETE
131,131,0.6290849673202614,2023-04-07 17:22:19.065818,2023-04-07 17:22:26.800682,0 days 00:00:07.734864,0.5279488659567799,0.3161068948501785,0.17302418707860936,0.9587644748669489,295,45,0.284988747627519,96,1.2952211641814209,2.3185441875712494,COMPLETE
132,132,0.638888888888889,2023-04-07 17:22:26.801080,2023-04-07 17:22:36.901918,0 days 00:00:10.100838,0.525191582666113,0.35743217670940186,0.12818836002008546,0.957612701057855,296,43,0.2935503515738085,97,1.4439285818255623,2.0491460454088872,COMPLETE
133,133,0.6290849673202614,2023-04-07 17:22:36.902449,2023-04-07 17:22:45.045562,0 days 00:00:08.143113,0.48841012539009515,0.35687030239275436,0.16277082155244835,0.9612347561059075,296,43,0.2659367482608972,96,2.265580549757177,2.3346563057886054,COMPLETE
134,134,0.6290849673202614,2023-04-07 17:22:45.045954,2023-04-07 17:22:53.368478,0 days 00:00:08.322524,0.5207077240734728,0.3611265249293627,0.16086643611854728,0.9522470833321,296,44,0.2761063286734165,97,2.3414566251539584,2.321401230873711,COMPLETE
135,135,0.6144501278772379,2023-04-07 17:22:53.368879,2023-04-07 17:23:01.592194,0 days 00:00:08.223315,0.4632294912042298,0.35331589214077214,0.16288072274380472,0.9565241313687949,296,43,0.2795765945792019,109,2.3300930578260495,2.2017995014305294,COMPLETE
136,136,0.5120772946859904,2023-04-07 17:23:01.592592,2023-04-07 17:23:13.356213,0 days 00:00:11.763621,0.48585970429500425,0.3741536779525574,0.11386871621896272,0.9978108642981008,295,43,0.10248233422078282,98,2.1258516351910703,2.6834064644988658,COMPLETE
137,137,0.5804916169366298,2023-04-07 17:23:13.356619,2023-04-07 17:23:21.541459,0 days 00:00:08.184840,0.5033286016595023,0.31510293194449446,0.16669902347093107,0.9378009902158359,300,44,0.5312404001892908,103,2.6280692337828437,2.3449551951180436,COMPLETE
138,138,0.6291560102301791,2023-04-07 17:23:21.541849,2023-04-07 17:23:32.319318,0 days 00:00:10.777469,0.5323338884705769,0.34086368666425537,0.1213138371369445,0.9660467063426347,293,45,0.31691259215759227,96,2.015745323470192,2.4535763167025397,COMPLETE
139,139,0.5658567774936062,2023-04-07 17:23:32.319720,2023-04-07 17:23:42.312863,0 days 00:00:09.993143,0.4530302198467163,0.3209145695876368,0.13158966540129918,0.9187622333210008,293,41,0.5004296979896764,105,1.9648543621125336,2.007186088140527,COMPLETE
140,140,0.5997442455242967,2023-04-07 17:23:42.313257,2023-04-07 17:23:54.730689,0 days 00:00:12.417432,0.43659112643817855,0.34233151044089055,0.10278147184929709,0.969054900689277,293,45,0.6376229483677542,94,1.6891419341183196,2.7348861691906348,COMPLETE
141,141,0.6193520886615516,2023-04-07 17:23:54.731103,2023-04-07 17:24:03.769284,0 days 00:00:09.038181,0.5260488636263141,0.373842831725974,0.14809596753779183,0.9488070873242445,296,42,0.30636378944482434,97,2.4247433476310656,2.1725823763056127,COMPLETE
142,142,0.5511508951406648,2023-04-07 17:24:03.769677,2023-04-07 17:24:14.244417,0 days 00:00:10.474740,0.4803093851565777,0.30276366156004586,0.127907521042855,0.9411533114593182,299,44,0.2975857577836465,115,2.2054893085600344,2.374404979275416,COMPLETE
143,143,0.590153452685422,2023-04-07 17:24:14.244847,2023-04-07 17:24:21.888465,0 days 00:00:07.643618,0.5066295518753879,0.27379289766106185,0.17372501479675587,0.9776432376214701,296,40,0.28614802636341125,100,1.9402546122841475,2.5134219625015017,COMPLETE
144,144,0.5366581415174766,2023-04-07 17:24:21.888859,2023-04-07 17:24:29.967597,0 days 00:00:08.078738,0.5313914971960281,0.3350762310154106,0.15945417444705834,0.913982463887028,294,43,0.5762353515265687,111,1.5769039665709406,1.8935534746581608,COMPLETE
145,145,0.258667235009946,2023-04-07 17:24:29.968025,2023-04-07 17:24:39.687824,0 days 00:00:09.719799,0.4694828885398573,0.4088241983755881,0.13706644012411281,0.962197604086885,298,45,0.14610758457052225,164,2.264068226438632,2.375500573215956,COMPLETE
146,146,0.6143790849673203,2023-04-07 17:24:39.688217,2023-04-07 17:24:50.864260,0 days 00:00:11.176043,0.5454278365186922,0.3626488907406632,0.1165837124874576,0.9914400116477928,295,46,0.5242373551595776,97,2.0397464576212245,2.051347376228792,COMPLETE
147,147,0.5706876953680022,2023-04-07 17:24:50.864648,2023-04-07 17:24:57.554530,0 days 00:00:06.689882,0.5603044905813834,0.29748423164325605,0.19651620156579727,0.9727008549488996,292,45,0.6769563230044148,102,2.5318105662811385,3.1707624276300934,COMPLETE
148,148,0.6388178459789713,2023-04-07 17:24:57.554924,2023-04-07 17:25:04.973368,0 days 00:00:07.418444,0.4949226188805793,0.3214004105769976,0.18006531328882627,0.9036768543563635,296,44,0.37414247503942644,92,1.7926787628411853,1.872548779073963,COMPLETE
149,149,0.4633418584825235,2023-04-07 17:25:04.973765,2023-04-07 17:25:12.392881,0 days 00:00:07.419116,0.4941555980427056,0.32097583525387113,0.1823691811421344,0.9004846050315132,298,42,0.11722897818461031,135,1.4591560582152363,1.9259419925207255,COMPLETE
150,150,0.6241830065359477,2023-04-07 17:25:12.393286,2023-04-07 17:25:18.799005,0 days 00:00:06.405719,0.41724636142472515,0.2664714675659584,0.2019497922805517,0.9257141686237178,292,46,0.4499332191464371,92,1.8378684506962872,2.872527856170278,COMPLETE
151,151,0.6290849673202614,2023-04-07 17:25:18.799410,2023-04-07 17:25:27.346410,0 days 00:00:08.547000,0.5207554578876519,0.3485392630433569,0.1528008617183167,0.9488218825492067,296,44,0.35009456302876724,95,1.6688094351110154,2.2713570028747903,COMPLETE
152,152,0.5949843705598181,2023-04-07 17:25:27.346865,2023-04-07 17:25:37.131944,0 days 00:00:09.785079,0.45985428801018413,0.3931610584649852,0.13723714096782408,0.9037229752293573,294,44,0.7750098311330932,90,2.6971330498170674,2.6443632397183023,COMPLETE
153,153,0.551150895140665,2023-04-07 17:25:37.132349,2023-04-07 17:25:45.069074,0 days 00:00:07.936725,0.5075764315101094,0.28557306091144363,0.1737990878190091,0.9425533878635337,299,45,0.6377149587226687,107,3.2253841054148262,2.0445979705247312,COMPLETE
154,154,0.5267831770389315,2023-04-07 17:25:45.069481,2023-04-07 17:25:56.109525,0 days 00:00:11.040044,0.5363696239520328,0.32862141765450764,0.11777056057356872,0.9739901303264473,297,43,0.11055295355937048,96,1.3675880759171926,1.7913636325530629,COMPLETE
155,155,0.6047882921284455,2023-04-07 17:25:56.109942,2023-04-07 17:26:03.313458,0 days 00:00:07.203516,0.44177683686349545,0.35556150263207587,0.18800882212538772,0.8876356135189107,295,40,0.34871904289836153,101,2.284641546750643,2.447932901393599,COMPLETE
156,156,0.5802074452969593,2023-04-07 17:26:03.313866,2023-04-07 17:26:11.661903,0 days 00:00:08.348037,0.4826091688068299,0.3113710002583681,0.15730482566221698,0.9244513614103546,299,46,1.0158849486112804,92,1.7872636079582307,2.2134770350008828,COMPLETE
157,157,0.6046462063086104,2023-04-07 17:26:11.662311,2023-04-07 17:26:24.907448,0 days 00:00:13.245137,0.5672015205550078,0.26084007615281757,0.1021417323786021,0.9515179019541983,296,44,0.8778998647996712,89,1.994467950728321,1.7498942352015598,COMPLETE
158,158,0.6144501278772379,2023-04-07 17:26:24.907885,2023-04-07 17:26:31.327869,0 days 00:00:06.419984,0.5243680013139695,0.2919732838206491,0.2049167901316105,0.9828619480217577,293,47,0.4622782143183384,98,1.5096642703324012,2.8123447411226348,COMPLETE
159,159,0.551150895140665,2023-04-07 17:26:31.328305,2023-04-07 17:26:40.357678,0 days 00:00:09.029373,0.554963359260833,0.34058316653544896,0.14536888715777094,0.9052351718976182,300,45,0.7687311659473619,105,1.2692776195442854,2.6158067185609286,COMPLETE
160,160,0.5268542199488491,2023-04-07 17:26:40.358092,2023-04-07 17:26:47.634289,0 days 00:00:07.276197,0.5065304618531998,0.38538353698519207,0.1842850111370271,0.9961061949111508,297,41,0.30533856319984587,80,2.4680476120987436,2.039213693690851,COMPLETE
161,161,0.6241830065359477,2023-04-07 17:26:47.634731,2023-04-07 17:26:55.773119,0 days 00:00:08.138388,0.5112928491692673,0.35687513643202584,0.16108914805592395,0.9568928633302074,296,44,0.3712251474426098,95,1.755052887948785,2.287889307542979,COMPLETE
162,162,0.6095481670929241,2023-04-07 17:26:55.773538,2023-04-07 17:27:05.857139,0 days 00:00:10.083601,0.5291348106547189,0.3486751784548989,0.1303937604358287,0.9371961581839727,294,46,0.6346503358099962,94,2.1276613237336655,2.3291683129555847,COMPLETE
163,163,0.5851804489911906,2023-04-07 17:27:05.857554,2023-04-07 17:27:14.648955,0 days 00:00:08.791401,0.4859547354207547,0.30740617847848006,0.14998965413613136,0.8864072212255856,298,43,0.2548176004504581,86,1.6370384189783376,1.8439482068905426,COMPLETE
164,164,0.6047882921284455,2023-04-07 17:27:14.649359,2023-04-07 17:27:22.431650,0 days 00:00:07.782291,0.5737289836145623,0.40532423021534314,0.16951416007408843,0.9281142190553799,295,42,0.48472748573374114,100,1.3788336663372043,2.4774898984812026,COMPLETE
165,165,0.5997442455242967,2023-04-07 17:27:22.432054,2023-04-07 17:27:28.663451,0 days 00:00:06.231397,0.545625385015994,0.36967435538702287,0.21001389303093848,0.9592512084002253,291,44,1.0681769065836186,89,1.6393256518773762,2.22429801131395,COMPLETE
166,166,0.6095481670929241,2023-04-07 17:27:28.663862,2023-04-07 17:27:35.420359,0 days 00:00:06.756497,0.5250688519827402,0.24927202889055025,0.19309763777050823,0.9189046542132492,296,47,0.7332543303951132,93,1.9107069488155117,1.6089971400225611,COMPLETE
167,167,0.24879227053140096,2023-04-07 17:27:35.420794,2023-04-07 17:27:38.757371,0 days 00:00:03.336577,0.4672572796725474,0.33019677170824513,0.44403917375843727,0.8750881934570525,297,45,0.12895984796976517,83,1.2721324183605291,2.126341576098597,COMPLETE
168,168,0.5998863313441318,2023-04-07 17:27:38.757784,2023-04-07 17:27:46.207842,0 days 00:00:07.450058,0.5830491866510392,0.29175963510864145,0.1773392164452707,0.9471248059321598,293,46,0.3685628690327576,103,1.0837434802102597,3.5937827892193686,COMPLETE
169,169,0.565714691673771,2023-04-07 17:27:46.208405,2023-04-07 17:27:55.373840,0 days 00:00:09.165435,0.49430959435721045,0.2763297580374858,0.14219612229121306,0.9114403722142894,295,44,0.9528910924051768,96,1.5236657943883047,2.6965414273905255,COMPLETE
170,170,0.5949843705598181,2023-04-07 17:27:55.374241,2023-04-07 17:28:07.175014,0 days 00:00:11.800773,0.6197200684947177,0.32003233364282546,0.12490187495077697,0.9743519050464438,300,42,0.5783681058483712,87,3.7502399625123717,3.1217085784969814,COMPLETE
171,171,0.6144501278772379,2023-04-07 17:28:07.175450,2023-04-07 17:28:13.425149,0 days 00:00:06.249699,0.5922599961576548,0.3454148029627435,0.21701901060913303,0.8454460157158674,298,48,1.217702262116218,84,1.35537612621113,0.8350569239154546,COMPLETE
172,172,0.5412759306621199,2023-04-07 17:28:13.425553,2023-04-07 17:28:20.443934,0 days 00:00:07.018381,0.5546193762261611,0.3641496172398728,0.20366366017309584,0.9959275534316561,296,24,0.8364470713023054,78,1.7475665182412021,1.4987383480701202,COMPLETE
173,173,0.6339158851946576,2023-04-07 17:28:20.444338,2023-04-07 17:28:25.944660,0 days 00:00:05.500322,0.5173226905898752,0.24399709833875138,0.2461228867053507,0.8937534485556157,292,43,0.31531480022057207,91,1.1032475523455423,1.2111383789169716,COMPLETE
174,174,0.648408638817846,2023-04-07 17:28:25.945087,2023-04-07 17:28:33.931250,0 days 00:00:07.986163,0.5227194976323998,0.30445663486393826,0.1608628771856493,0.8901058390193795,290,43,0.3067666998243915,91,1.111811998755124,1.2842013326706745,COMPLETE
175,175,0.4533248081841432,2023-04-07 17:28:33.931663,2023-04-07 17:28:41.391366,0 days 00:00:07.459703,0.5450062918062412,0.26537001517267933,0.1752244019528152,0.891347862463505,290,43,0.10211251750623387,90,1.1442898105875325,1.2213243934977314,COMPLETE
176,176,0.5999573742540495,2023-04-07 17:28:41.391766,2023-04-07 17:28:44.356139,0 days 00:00:02.964373,0.47002909721971253,0.24012839522184184,0.5155596939242489,0.8656205361040636,292,42,0.5173667618072197,100,0.7309646157547621,1.3429272904533964,COMPLETE
177,177,0.6386757601591362,2023-04-07 17:28:44.356538,2023-04-07 17:28:49.936888,0 days 00:00:05.580350,0.5112269728492499,0.309577371477988,0.24461050575920393,0.8319077999131806,290,41,0.2983571991408944,90,1.0162914452592704,0.6648439353989948,COMPLETE
178,178,0.21973572037510658,2023-04-07 17:28:49.937297,2023-04-07 17:28:55.349758,0 days 00:00:05.412461,0.4931677351020659,0.30458383955752966,0.25046066121174715,0.8281017088762401,289,41,0.6854602333370016,177,0.9453199257144852,0.7009628663933026,COMPLETE
179,179,0.6046462063086104,2023-04-07 17:28:55.350161,2023-04-07 17:29:01.429704,0 days 00:00:06.079543,0.4448687625591001,0.2777084786633504,0.22394956828829085,0.8443651890132946,291,39,0.4376870145993349,88,1.0665791480436118,0.8489404375116076,COMPLETE
180,180,0.5900113668655868,2023-04-07 17:29:01.430103,2023-04-07 17:29:06.818290,0 days 00:00:05.388187,0.5769666449886417,0.2407921606325274,0.24673963679048858,0.8711724009794956,289,45,1.1024901941559353,93,0.7715568844787276,0.5044660684386821,COMPLETE
181,181,0.6435777209434499,2023-04-07 17:29:06.818698,2023-04-07 17:29:13.867504,0 days 00:00:07.048806,0.5200652148439402,0.3205968004094196,0.18749888008257148,0.8983750095867035,294,43,0.31478262402294077,91,1.226732827062215,0.6944128401797335,COMPLETE
182,182,0.4097755044046605,2023-04-07 17:29:13.867902,2023-04-07 17:29:20.710035,0 days 00:00:06.842133,0.5346072916873329,0.3136427498113763,0.19518275397983292,0.897858594153835,292,43,0.10693783060611817,147,1.1396615178843914,0.7622257583689793,COMPLETE
183,183,0.12695368002273374,2023-04-07 17:29:20.710436,2023-04-07 17:29:26.974941,0 days 00:00:06.264505,0.4919878249426994,0.29153058223289713,0.2151882728809095,0.8001252117871402,294,43,0.6001438191626735,200,1.3924760487079713,1.153523596485217,COMPLETE
184,184,0.6145922136970731,2023-04-07 17:29:26.975355,2023-04-07 17:29:32.016993,0 days 00:00:05.041638,0.5174912843377271,0.32822177943916014,0.27213257008297564,0.8282057391168719,290,42,0.32719628168610726,83,0.9244507361086817,0.6956510997511799,COMPLETE
185,185,0.5900113668655868,2023-04-07 17:29:32.017394,2023-04-07 17:29:37.690784,0 days 00:00:05.673390,0.5678951035455981,0.26000917664563855,0.2551497378033252,0.8546657370655928,294,40,0.7883760068846479,91,4.734289904131971,0.9639711637430843,COMPLETE
186,186,0.6388888888888888,2023-04-07 17:29:37.691191,2023-04-07 17:29:43.534104,0 days 00:00:05.842913,0.5404670920199881,0.3037637607070925,0.22785084787960255,0.8814028142266465,292,45,0.46755769161984007,86,1.2494127322763746,1.4967132730195831,COMPLETE
187,187,0.39009661835748793,2023-04-07 17:29:43.534532,2023-04-07 17:29:49.120089,0 days 00:00:05.585557,0.5452470035187803,0.2819384385963565,0.23422708434581155,0.8822078877081676,291,47,0.5203036799935219,75,1.2067000782643278,1.3854733918676818,COMPLETE
188,188,0.6094771241830065,2023-04-07 17:29:49.120492,2023-04-07 17:29:53.763296,0 days 00:00:04.642804,0.6222932279177755,0.3037476393293786,0.29162601745236355,0.8144516555445659,288,46,0.9006944915880164,87,1.4747985682217164,1.560600197239997,COMPLETE
189,189,0.5998152884342142,2023-04-07 17:29:53.763707,2023-04-07 17:29:59.805082,0 days 00:00:06.041375,0.5644336712047565,0.21160271191136995,0.22418660617651484,0.9118375266902352,293,45,0.6475725740811458,81,0.9571785045869485,1.1731859866926277,COMPLETE
190,190,0.643719806763285,2023-04-07 17:29:59.805498,2023-04-07 17:30:06.467241,0 days 00:00:06.661743,0.5129379954282187,0.33037546664031936,0.1967109098240075,0.8606266457838145,290,47,0.42754538201835457,91,1.2698260490182376,0.9004340725927413,COMPLETE
191,191,0.648408638817846,2023-04-07 17:30:06.467647,2023-04-07 17:30:13.084490,0 days 00:00:06.616843,0.5101307870234878,0.3276298450255318,0.1945717249573992,0.8611883542608346,290,47,0.39249198744253366,90,1.2232310603141925,0.9914008090385005,COMPLETE
192,192,0.6290849673202614,2023-04-07 17:30:13.084929,2023-04-07 17:30:19.609459,0 days 00:00:06.524530,0.5098603121776081,0.33485703190223437,0.20017254217570282,0.8693175247853445,289,47,0.446469908905434,86,0.6998277650706024,0.9594004813811141,COMPLETE
193,193,0.6389599317988065,2023-04-07 17:30:19.609891,2023-04-07 17:30:25.653022,0 days 00:00:06.043131,0.5374249186348058,0.2978528445872416,0.21367650185902776,0.8472628381206185,290,49,0.7162667204023498,92,1.1104890352729206,0.6002901885633571,COMPLETE
194,194,0.6243250923557829,2023-04-07 17:30:25.653433,2023-04-07 17:30:31.713164,0 days 00:00:06.059731,0.5029257749188427,0.2956420571370482,0.2152579076674923,0.8415154517283457,290,47,0.7239860444679135,88,1.1713589670574747,0.6162218785354794,COMPLETE
195,195,0.6291560102301791,2023-04-07 17:30:31.713580,2023-04-07 17:30:38.912925,0 days 00:00:07.199345,0.46997549954624007,0.26880465921850194,0.18078666764301443,0.8584016624066163,292,48,0.4752750113030403,92,0.8958760160931603,0.5035301518280189,COMPLETE
196,196,0.5997442455242967,2023-04-07 17:30:38.913327,2023-04-07 17:30:45.625614,0 days 00:00:06.712287,0.6011435163686529,0.3270176176513281,0.19423067743413527,0.8859727806380484,291,49,0.26387338274973793,91,1.047572664860663,0.8228197873047344,COMPLETE
197,197,0.590153452685422,2023-04-07 17:30:45.626047,2023-04-07 17:30:50.909278,0 days 00:00:05.283231,0.5520099648536541,0.24463661611149687,0.25168669205811545,0.8306689794033177,288,46,0.9566349274829269,82,1.4984792724118046,1.1009891749487342,COMPLETE
198,198,0.5705456095481671,2023-04-07 17:30:50.909701,2023-04-07 17:30:53.144923,0 days 00:00:02.235222,0.7066638764223642,0.31321127739467025,0.7063796710012795,0.8549219184762772,290,48,0.5617223706819551,100,1.1958540063218652,0.6718814861188288,COMPLETE
199,199,0.6240409207161125,2023-04-07 17:30:53.145374,2023-04-07 17:30:59.386217,0 days 00:00:06.240843,0.5181050770361818,0.3820728659575067,0.21111045925874294,0.8957395386648048,292,49,0.28129019326718363,92,0.6899111454562686,1.307889139205485,COMPLETE
